{"level":"info","message":"Server is running on port 3002","service":"post-service","timestamp":"2025-07-27T12:00:49.832Z"}
{"level":"info","message":"Database connected successfully","service":"post-service","timestamp":"2025-07-27T12:00:54.498Z"}
{"level":"warn","message":"Acess attemped without user Id","service":"post-service","timestamp":"2025-07-27T12:01:01.932Z"}
{"level":"info","message":"Server is running on port 3002","service":"post-service","timestamp":"2025-07-27T12:02:53.556Z"}
{"level":"info","message":"Database connected successfully","service":"post-service","timestamp":"2025-07-27T12:02:57.794Z"}
{"level":"warn","message":"Acess attemped without user Id","service":"post-service","timestamp":"2025-07-27T12:03:22.285Z"}
{"level":"warn","message":"Acess attemped without user Id","service":"post-service","timestamp":"2025-07-27T12:03:25.577Z"}
{"level":"info","message":"Server is running on port 3002","service":"post-service","timestamp":"2025-07-27T12:04:19.273Z"}
{"level":"info","message":"Database connected successfully","service":"post-service","timestamp":"2025-07-27T12:04:23.056Z"}
{"level":"warn","message":"Acess attemped without user Id","service":"post-service","timestamp":"2025-07-27T12:04:24.825Z"}
{"level":"info","message":"Hitting creating a new post endpoint","service":"post-service","timestamp":"2025-07-27T12:07:32.013Z"}
{"_message":"Post validation failed","errors":{"userId":{"kind":"required","message":"Path `userId` is required.","name":"ValidatorError","path":"userId","properties":{"message":"Path `userId` is required.","path":"userId","type":"required"}}},"level":"error","message":"Error creating post: Post validation failed: userId: Path `userId` is required.","service":"post-service","stack":"ValidationError: Post validation failed: userId: Path `userId` is required.\n    at Document.invalidate (/Users/subhadeepchakraborty/Desktop/Node js/micro-service/social-app/post-service/node_modules/mongoose/lib/document.js:3358:32)\n    at /Users/subhadeepchakraborty/Desktop/Node js/micro-service/social-app/post-service/node_modules/mongoose/lib/document.js:3119:17\n    at /Users/subhadeepchakraborty/Desktop/Node js/micro-service/social-app/post-service/node_modules/mongoose/lib/schemaType.js:1410:9\n    at process.processTicksAndRejections (node:internal/process/task_queues:85:11)","timestamp":"2025-07-27T12:07:32.037Z"}
{"level":"info","message":"Server is running on port 3002","service":"post-service","timestamp":"2025-07-27T12:09:02.409Z"}
{"level":"info","message":"Server is running on port 3002","service":"post-service","timestamp":"2025-07-27T12:09:04.175Z"}
{"level":"info","message":"Database connected successfully","service":"post-service","timestamp":"2025-07-27T12:09:07.701Z"}
{"level":"info","message":"Server is running on port 3002","service":"post-service","timestamp":"2025-07-27T12:09:09.218Z"}
{"level":"info","message":"Database connected successfully","service":"post-service","timestamp":"2025-07-27T12:09:12.709Z"}
{"level":"info","message":"Server is running on port 3002","service":"post-service","timestamp":"2025-07-27T12:09:14.581Z"}
{"level":"info","message":"Database connected successfully","service":"post-service","timestamp":"2025-07-27T12:09:18.547Z"}
{"level":"info","message":"Hitting creating a new post endpoint","service":"post-service","timestamp":"2025-07-27T12:15:56.226Z"}
{"_message":"Post validation failed","errors":{"userId":{"kind":"required","message":"Path `userId` is required.","name":"ValidatorError","path":"userId","properties":{"message":"Path `userId` is required.","path":"userId","type":"required"}}},"level":"error","message":"Error creating post: Post validation failed: userId: Path `userId` is required.","service":"post-service","stack":"ValidationError: Post validation failed: userId: Path `userId` is required.\n    at Document.invalidate (/Users/subhadeepchakraborty/Desktop/Node js/micro-service/social-app/post-service/node_modules/mongoose/lib/document.js:3358:32)\n    at /Users/subhadeepchakraborty/Desktop/Node js/micro-service/social-app/post-service/node_modules/mongoose/lib/document.js:3119:17\n    at /Users/subhadeepchakraborty/Desktop/Node js/micro-service/social-app/post-service/node_modules/mongoose/lib/schemaType.js:1410:9\n    at process.processTicksAndRejections (node:internal/process/task_queues:85:11)","timestamp":"2025-07-27T12:15:56.250Z"}
{"level":"info","message":"Server is running on port 3002","service":"post-service","timestamp":"2025-07-27T12:17:02.737Z"}
{"level":"info","message":"Database connected successfully","service":"post-service","timestamp":"2025-07-27T12:17:07.971Z"}
{"level":"info","message":"Server is running on port 3002","service":"post-service","timestamp":"2025-07-27T12:17:08.719Z"}
{"level":"info","message":"Server is running on port 3002","service":"post-service","timestamp":"2025-07-27T12:17:10.975Z"}
{"level":"info","message":"Server is running on port 3002","service":"post-service","timestamp":"2025-07-27T12:17:13.307Z"}
{"level":"info","message":"Database connected successfully","service":"post-service","timestamp":"2025-07-27T12:17:16.858Z"}
{"level":"info","message":"Server is running on port 3002","service":"post-service","timestamp":"2025-07-27T12:17:25.828Z"}
{"level":"info","message":"Database connected successfully","service":"post-service","timestamp":"2025-07-27T12:17:29.468Z"}
{"level":"info","message":"Hitting creating a new post endpoint","service":"post-service","timestamp":"2025-07-27T12:17:29.516Z"}
{"_message":"Post validation failed","errors":{"userId":{"kind":"required","message":"Path `userId` is required.","name":"ValidatorError","path":"userId","properties":{"message":"Path `userId` is required.","path":"userId","type":"required"}}},"level":"error","message":"Error creating post: Post validation failed: userId: Path `userId` is required.","service":"post-service","stack":"ValidationError: Post validation failed: userId: Path `userId` is required.\n    at Document.invalidate (/Users/subhadeepchakraborty/Desktop/Node js/micro-service/social-app/post-service/node_modules/mongoose/lib/document.js:3358:32)\n    at /Users/subhadeepchakraborty/Desktop/Node js/micro-service/social-app/post-service/node_modules/mongoose/lib/document.js:3119:17\n    at /Users/subhadeepchakraborty/Desktop/Node js/micro-service/social-app/post-service/node_modules/mongoose/lib/schemaType.js:1410:9\n    at process.processTicksAndRejections (node:internal/process/task_queues:85:11)","timestamp":"2025-07-27T12:17:29.545Z"}
{"level":"info","message":"Server is running on port 3002","service":"post-service","timestamp":"2025-07-27T12:17:54.415Z"}
{"level":"info","message":"Database connected successfully","service":"post-service","timestamp":"2025-07-27T12:17:58.132Z"}
{"level":"info","message":"Hitting creating a new post endpoint","service":"post-service","timestamp":"2025-07-27T12:18:17.347Z"}
{"level":"info","message":"Post created successfully...","service":"post-service","timestamp":"2025-07-27T12:18:17.756Z"}
{"level":"warn","message":"Acess attemped without user Id","service":"post-service","timestamp":"2025-07-27T12:19:06.108Z"}
{"level":"warn","message":"Acess attemped without user Id","service":"post-service","timestamp":"2025-07-27T12:19:31.480Z"}
{"level":"info","message":"Server is running on port 3002","service":"post-service","timestamp":"2025-07-27T12:23:19.365Z"}
{"level":"info","message":"Database connected successfully","service":"post-service","timestamp":"2025-07-27T12:23:23.754Z"}
{"level":"warn","message":"Acess attemped without user Id","service":"post-service","timestamp":"2025-07-27T12:23:36.128Z"}
{"level":"warn","message":"Acess attemped without user Id","service":"post-service","timestamp":"2025-07-27T12:23:40.777Z"}
{"level":"warn","message":"Acess attemped without user Id","service":"post-service","timestamp":"2025-07-27T12:24:15.684Z"}
{"level":"info","message":"Server is running on port 3002","service":"post-service","timestamp":"2025-07-27T12:24:31.654Z"}
{"level":"info","message":"Database connected successfully","service":"post-service","timestamp":"2025-07-27T12:24:35.360Z"}
{"level":"warn","message":"Acess attemped without user Id","service":"post-service","timestamp":"2025-07-27T12:24:40.783Z"}
{"level":"warn","message":"Acess attemped without user Id","service":"post-service","timestamp":"2025-07-27T12:25:32.827Z"}
{"level":"info","message":"Server is running on port 3002","service":"post-service","timestamp":"2025-07-27T12:25:54.416Z"}
{"level":"warn","message":"Acess attemped without user Id","service":"post-service","timestamp":"2025-07-27T12:25:57.825Z"}
{"level":"info","message":"Database connected successfully","service":"post-service","timestamp":"2025-07-27T12:25:59.286Z"}
{"level":"info","message":"Server is running on port 3002","service":"post-service","timestamp":"2025-07-27T12:30:46.710Z"}
{"level":"info","message":"Server is running on port 3002","service":"post-service","timestamp":"2025-07-27T12:30:50.006Z"}
{"level":"info","message":"Database connected successfully","service":"post-service","timestamp":"2025-07-27T12:30:53.523Z"}
{"level":"info","message":"Server is running on port 3002","service":"post-service","timestamp":"2025-07-27T12:31:00.136Z"}
{"level":"info","message":"Database connected successfully","service":"post-service","timestamp":"2025-07-27T12:31:03.843Z"}
{"level":"info","message":"Server is running on port 3002","service":"post-service","timestamp":"2025-07-27T12:31:23.474Z"}
{"level":"info","message":"Database connected successfully","service":"post-service","timestamp":"2025-07-27T12:31:27.155Z"}
{"level":"info","message":"Server is running on port 3002","service":"post-service","timestamp":"2025-07-27T12:32:21.549Z"}
{"level":"info","message":"Database connected successfully","service":"post-service","timestamp":"2025-07-27T12:32:25.158Z"}
{"level":"warn","message":"Acess attemped without user Id","service":"post-service","timestamp":"2025-07-27T12:32:29.852Z"}
{"level":"info","message":"Server is running on port 3002","service":"post-service","timestamp":"2025-07-27T12:36:32.979Z"}
{"level":"info","message":"Database connected successfully","service":"post-service","timestamp":"2025-07-27T12:36:37.696Z"}
{"level":"info","message":"Server is running on port 3002","service":"post-service","timestamp":"2025-07-27T12:36:39.417Z"}
{"level":"info","message":"Database connected successfully","service":"post-service","timestamp":"2025-07-27T12:36:42.983Z"}
{"level":"info","message":"Hitting creating a new post endpoint","service":"post-service","timestamp":"2025-07-27T12:36:56.414Z"}
{"level":"info","message":"Post created successfully...","service":"post-service","timestamp":"2025-07-27T12:36:56.802Z"}
{"level":"info","message":"Server is running on port 3002","service":"post-service","timestamp":"2025-07-27T12:37:25.965Z"}
{"level":"info","message":"Database connected successfully","service":"post-service","timestamp":"2025-07-27T12:37:29.526Z"}
{"level":"warn","message":"Acess attemped without user Id","service":"post-service","timestamp":"2025-07-27T12:37:32.582Z"}
{"level":"warn","message":"Acess attemped without user Id","service":"post-service","timestamp":"2025-07-27T12:37:35.318Z"}
{"level":"info","message":"Server is running on port 3002","service":"post-service","timestamp":"2025-07-27T12:37:45.830Z"}
{"level":"info","message":"Database connected successfully","service":"post-service","timestamp":"2025-07-27T12:37:49.574Z"}
{"level":"info","message":"Server is running on port 3002","service":"post-service","timestamp":"2025-07-27T12:38:15.920Z"}
{"level":"info","message":"Database connected successfully","service":"post-service","timestamp":"2025-07-27T12:38:19.483Z"}
{"level":"info","message":"Server is running on port 3002","service":"post-service","timestamp":"2025-07-27T12:38:26.273Z"}
{"level":"info","message":"Database connected successfully","service":"post-service","timestamp":"2025-07-27T12:38:29.857Z"}
{"level":"info","message":"Server is running on port 3002","service":"post-service","timestamp":"2025-07-27T12:38:30.618Z"}
{"level":"info","message":"Database connected successfully","service":"post-service","timestamp":"2025-07-27T12:38:34.155Z"}
{"level":"info","message":"Server is running on port 3002","service":"post-service","timestamp":"2025-07-27T12:39:28.644Z"}
{"level":"info","message":"Database connected successfully","service":"post-service","timestamp":"2025-07-27T12:39:32.789Z"}
{"level":"info","message":"Server is running on port 3002","service":"post-service","timestamp":"2025-07-27T12:40:10.379Z"}
{"level":"info","message":"Database connected successfully","service":"post-service","timestamp":"2025-07-27T12:40:14.245Z"}
{"level":"info","message":"Server is running on port 3002","service":"post-service","timestamp":"2025-07-27T12:40:21.339Z"}
{"level":"info","message":"Database connected successfully","service":"post-service","timestamp":"2025-07-27T12:40:24.829Z"}
{"level":"info","message":"Server is running on port 3002","service":"post-service","timestamp":"2025-07-27T12:40:26.706Z"}
{"level":"info","message":"Database connected successfully","service":"post-service","timestamp":"2025-07-27T12:40:30.420Z"}
{"level":"info","message":"Server is running on port 3002","service":"post-service","timestamp":"2025-07-27T12:40:32.825Z"}
{"level":"info","message":"Database connected successfully","service":"post-service","timestamp":"2025-07-27T12:40:36.403Z"}
{"level":"info","message":"Hitting creating a new post endpoint","service":"post-service","timestamp":"2025-07-27T12:40:37.525Z"}
{"level":"info","message":"Server is running on port 3002","service":"post-service","timestamp":"2025-07-27T12:40:38.896Z"}
{"level":"info","message":"Database connected successfully","service":"post-service","timestamp":"2025-07-27T12:40:42.444Z"}
{"level":"info","message":"Hitting creating a new post endpoint","service":"post-service","timestamp":"2025-07-27T12:40:48.812Z"}
{"level":"info","message":"Post created successfully...","service":"post-service","timestamp":"2025-07-27T12:40:49.267Z"}
{"level":"info","message":"Hitting creating a new post endpoint","service":"post-service","timestamp":"2025-07-27T12:41:16.724Z"}
{"level":"info","message":"Post created successfully...","service":"post-service","timestamp":"2025-07-27T12:41:17.059Z"}
{"level":"info","message":"Server is running on port 3002","service":"post-service","timestamp":"2025-07-27T12:42:53.323Z"}
{"level":"info","message":"Database connected successfully","service":"post-service","timestamp":"2025-07-27T12:42:58.138Z"}
{"level":"info","message":"Server is running on port 3002","service":"post-service","timestamp":"2025-07-27T12:43:15.023Z"}
{"level":"info","message":"Database connected successfully","service":"post-service","timestamp":"2025-07-27T12:43:18.758Z"}
{"level":"info","message":"Server is running on port 3002","service":"post-service","timestamp":"2025-07-27T12:43:28.055Z"}
{"level":"info","message":"Database connected successfully","service":"post-service","timestamp":"2025-07-27T12:43:31.608Z"}
{"level":"info","message":"Server is running on port 3002","service":"post-service","timestamp":"2025-07-27T12:43:36.796Z"}
{"level":"info","message":"Database connected successfully","service":"post-service","timestamp":"2025-07-27T12:43:40.263Z"}
{"level":"info","message":"Server is running on port 3002","service":"post-service","timestamp":"2025-07-27T12:43:40.789Z"}
{"level":"info","message":"Server is running on port 3002","service":"post-service","timestamp":"2025-07-27T12:43:44.076Z"}
{"level":"info","message":"Database connected successfully","service":"post-service","timestamp":"2025-07-27T12:43:47.742Z"}
{"level":"info","message":"Server is running on port 3002","service":"post-service","timestamp":"2025-07-27T12:44:09.523Z"}
{"level":"info","message":"Database connected successfully","service":"post-service","timestamp":"2025-07-27T12:44:13.093Z"}
{"level":"info","message":"Server is running on port 3002","service":"post-service","timestamp":"2025-07-27T12:44:18.210Z"}
{"level":"info","message":"Database connected successfully","service":"post-service","timestamp":"2025-07-27T12:44:21.893Z"}
{"level":"info","message":"Server is running on port 3002","service":"post-service","timestamp":"2025-07-27T12:44:27.810Z"}
{"level":"info","message":"Database connected successfully","service":"post-service","timestamp":"2025-07-27T12:44:31.397Z"}
{"level":"info","message":"Server is running on port 3002","service":"post-service","timestamp":"2025-07-27T12:44:57.609Z"}
{"level":"info","message":"Database connected successfully","service":"post-service","timestamp":"2025-07-27T12:45:01.389Z"}
{"level":"info","message":"Server is running on port 3002","service":"post-service","timestamp":"2025-08-02T11:52:39.047Z"}
{"level":"info","message":"Database connected successfully","service":"post-service","timestamp":"2025-08-02T11:52:43.409Z"}
{"level":"info","message":"Server is running on port 3002","service":"post-service","timestamp":"2025-08-02T12:03:27.298Z"}
{"level":"info","message":"Database connected successfully","service":"post-service","timestamp":"2025-08-02T12:03:33.479Z"}
{"level":"info","message":"Server is running on port 3002","service":"post-service","timestamp":"2025-08-02T12:04:06.682Z"}
{"level":"info","message":"Database connected successfully","service":"post-service","timestamp":"2025-08-02T12:04:10.625Z"}
{"level":"info","message":"Server is running on port 3002","service":"post-service","timestamp":"2025-08-02T12:04:20.680Z"}
{"level":"info","message":"Server is running on port 3002","service":"post-service","timestamp":"2025-08-02T12:04:22.707Z"}
{"level":"info","message":"Database connected successfully","service":"post-service","timestamp":"2025-08-02T12:04:26.708Z"}
{"level":"info","message":"Server is running on port 3002","service":"post-service","timestamp":"2025-08-02T12:04:28.888Z"}
{"level":"info","message":"Database connected successfully","service":"post-service","timestamp":"2025-08-02T12:04:32.590Z"}
{"level":"info","message":"Server is running on port 3002","service":"post-service","timestamp":"2025-08-02T12:04:35.242Z"}
{"level":"info","message":"Server is running on port 3002","service":"post-service","timestamp":"2025-08-02T12:04:38.786Z"}
{"level":"info","message":"Database connected successfully","service":"post-service","timestamp":"2025-08-02T12:04:42.385Z"}
{"level":"info","message":"Server is running on port 3002","service":"post-service","timestamp":"2025-08-02T12:04:46.520Z"}
{"level":"info","message":"Database connected successfully","service":"post-service","timestamp":"2025-08-02T12:04:50.203Z"}
{"level":"info","message":"Server is running on port 3002","service":"post-service","timestamp":"2025-08-02T12:04:50.772Z"}
{"level":"info","message":"Database connected successfully","service":"post-service","timestamp":"2025-08-02T12:04:54.622Z"}
{"level":"info","message":"Server is running on port 3002","service":"post-service","timestamp":"2025-08-02T12:05:07.505Z"}
{"level":"info","message":"Server is running on port 3002","service":"post-service","timestamp":"2025-08-02T12:05:11.065Z"}
{"level":"info","message":"Database connected successfully","service":"post-service","timestamp":"2025-08-02T12:05:14.780Z"}
{"level":"info","message":"Server is running on port 3002","service":"post-service","timestamp":"2025-08-02T12:05:27.981Z"}
{"level":"info","message":"Database connected successfully","service":"post-service","timestamp":"2025-08-02T12:05:31.713Z"}
{"level":"info","message":"Server is running on port 3002","service":"post-service","timestamp":"2025-08-02T12:05:34.383Z"}
{"level":"info","message":"Server is running on port 3002","service":"post-service","timestamp":"2025-08-02T12:05:37.023Z"}
{"level":"info","message":"Database connected successfully","service":"post-service","timestamp":"2025-08-02T12:05:40.983Z"}
{"level":"info","message":"Server is running on port 3002","service":"post-service","timestamp":"2025-08-02T12:05:55.059Z"}
{"level":"info","message":"Server is running on port 3002","service":"post-service","timestamp":"2025-08-02T12:05:58.681Z"}
{"level":"info","message":"Server is running on port 3002","service":"post-service","timestamp":"2025-08-02T12:06:23.808Z"}
{"level":"info","message":"Database connected successfully","service":"post-service","timestamp":"2025-08-02T12:06:28.240Z"}
{"level":"info","message":"Server is running on port 3002","service":"post-service","timestamp":"2025-08-02T12:06:28.854Z"}
{"level":"info","message":"Database connected successfully","service":"post-service","timestamp":"2025-08-02T12:06:32.780Z"}
{"level":"info","message":"Server is running on port 3002","service":"post-service","timestamp":"2025-08-02T12:07:43.382Z"}
{"level":"info","message":"Database connected successfully","service":"post-service","timestamp":"2025-08-02T12:07:47.571Z"}
{"level":"info","message":"Server is running on port 3002","service":"post-service","timestamp":"2025-08-02T12:07:59.886Z"}
{"level":"info","message":"Database connected successfully","service":"post-service","timestamp":"2025-08-02T12:08:03.647Z"}
{"level":"info","message":"Server is running on port 3002","service":"post-service","timestamp":"2025-08-02T12:08:11.968Z"}
{"level":"info","message":"Server is running on port 3002","service":"post-service","timestamp":"2025-08-02T12:08:14.885Z"}
{"level":"info","message":"Database connected successfully","service":"post-service","timestamp":"2025-08-02T12:08:18.689Z"}
{"level":"info","message":"Server is running on port 3002","service":"post-service","timestamp":"2025-08-02T12:08:20.055Z"}
{"level":"info","message":"Database connected successfully","service":"post-service","timestamp":"2025-08-02T12:08:23.922Z"}
{"level":"info","message":"Server is running on port 3002","service":"post-service","timestamp":"2025-08-02T12:08:28.460Z"}
{"level":"info","message":"Database connected successfully","service":"post-service","timestamp":"2025-08-02T12:08:32.559Z"}
{"level":"info","message":"Server is running on port 3002","service":"post-service","timestamp":"2025-08-02T12:08:33.958Z"}
{"level":"info","message":"Server is running on port 3002","service":"post-service","timestamp":"2025-08-02T12:08:37.108Z"}
{"level":"info","message":"Database connected successfully","service":"post-service","timestamp":"2025-08-02T12:08:41.032Z"}
{"level":"info","message":"Server is running on port 3002","service":"post-service","timestamp":"2025-08-02T12:08:44.151Z"}
{"level":"info","message":"Database connected successfully","service":"post-service","timestamp":"2025-08-02T12:08:47.910Z"}
{"level":"info","message":"Server is running on port 3002","service":"post-service","timestamp":"2025-08-02T12:09:03.227Z"}
{"level":"info","message":"Database connected successfully","service":"post-service","timestamp":"2025-08-02T12:09:07.515Z"}
{"level":"info","message":"Server is running on port 3002","service":"post-service","timestamp":"2025-08-02T12:09:12.246Z"}
{"level":"info","message":"Server is running on port 3002","service":"post-service","timestamp":"2025-08-02T12:09:14.248Z"}
{"level":"info","message":"Database connected successfully","service":"post-service","timestamp":"2025-08-02T12:09:18.189Z"}
{"level":"info","message":"Server is running on port 3002","service":"post-service","timestamp":"2025-08-02T12:09:28.859Z"}
{"level":"info","message":"Server is running on port 3002","service":"post-service","timestamp":"2025-08-02T12:09:31.175Z"}
{"level":"info","message":"Database connected successfully","service":"post-service","timestamp":"2025-08-02T12:09:35.189Z"}
{"level":"info","message":"Server is running on port 3002","service":"post-service","timestamp":"2025-08-02T12:09:39.303Z"}
{"level":"info","message":"Database connected successfully","service":"post-service","timestamp":"2025-08-02T12:09:43.054Z"}
{"level":"info","message":"Server is running on port 3002","service":"post-service","timestamp":"2025-08-02T12:09:51.450Z"}
{"level":"info","message":"Server is running on port 3002","service":"post-service","timestamp":"2025-08-02T12:09:53.711Z"}
{"level":"info","message":"Database connected successfully","service":"post-service","timestamp":"2025-08-02T12:09:57.590Z"}
{"level":"info","message":"Server is running on port 3002","service":"post-service","timestamp":"2025-08-02T12:09:59.340Z"}
{"level":"info","message":"Server is running on port 3002","service":"post-service","timestamp":"2025-08-02T12:10:00.801Z"}
{"level":"info","message":"Database connected successfully","service":"post-service","timestamp":"2025-08-02T12:10:04.645Z"}
{"level":"info","message":"Server is running on port 3002","service":"post-service","timestamp":"2025-08-02T12:10:14.713Z"}
{"level":"info","message":"Database connected successfully","service":"post-service","timestamp":"2025-08-02T12:10:18.489Z"}
{"level":"info","message":"Server is running on port 3002","service":"post-service","timestamp":"2025-08-02T12:10:25.173Z"}
{"level":"info","message":"Database connected successfully","service":"post-service","timestamp":"2025-08-02T12:10:28.976Z"}
{"level":"info","message":"Server is running on port 3002","service":"post-service","timestamp":"2025-08-02T12:10:29.599Z"}
{"level":"info","message":"Database connected successfully","service":"post-service","timestamp":"2025-08-02T12:10:34.081Z"}
{"level":"info","message":"Server is running on port 3002","service":"post-service","timestamp":"2025-08-02T12:10:37.152Z"}
{"level":"info","message":"Server is running on port 3002","service":"post-service","timestamp":"2025-08-02T12:10:40.300Z"}
{"level":"info","message":"Database connected successfully","service":"post-service","timestamp":"2025-08-02T12:10:44.311Z"}
{"level":"info","message":"Server is running on port 3002","service":"post-service","timestamp":"2025-08-02T12:10:49.519Z"}
{"level":"info","message":"Database connected successfully","service":"post-service","timestamp":"2025-08-02T12:10:53.363Z"}
{"level":"info","message":"Server is running on port 3002","service":"post-service","timestamp":"2025-08-02T12:10:55.779Z"}
{"level":"info","message":"Database connected successfully","service":"post-service","timestamp":"2025-08-02T12:10:59.826Z"}
{"level":"info","message":"Server is running on port 3002","service":"post-service","timestamp":"2025-08-02T12:11:10.420Z"}
{"level":"info","message":"Server is running on port 3002","service":"post-service","timestamp":"2025-08-02T12:11:14.336Z"}
{"level":"info","message":"Server is running on port 3002","service":"post-service","timestamp":"2025-08-02T12:11:17.607Z"}
{"level":"info","message":"Database connected successfully","service":"post-service","timestamp":"2025-08-02T12:11:21.183Z"}
{"level":"info","message":"Server is running on port 3002","service":"post-service","timestamp":"2025-08-02T12:11:21.625Z"}
{"level":"info","message":"Database connected successfully","service":"post-service","timestamp":"2025-08-02T12:11:25.396Z"}
{"level":"info","message":"Server is running on port 3002","service":"post-service","timestamp":"2025-08-02T12:11:28.072Z"}
{"level":"info","message":"Database connected successfully","service":"post-service","timestamp":"2025-08-02T12:11:32.548Z"}
{"level":"info","message":"Server is running on port 3002","service":"post-service","timestamp":"2025-08-02T12:12:40.061Z"}
{"level":"info","message":"Database connected successfully","service":"post-service","timestamp":"2025-08-02T12:12:43.954Z"}
{"level":"info","message":"Server is running on port 3002","service":"post-service","timestamp":"2025-08-02T12:13:11.265Z"}
{"level":"info","message":"Server is running on port 3002","service":"post-service","timestamp":"2025-08-02T12:13:13.354Z"}
{"level":"info","message":"Database connected successfully","service":"post-service","timestamp":"2025-08-02T12:13:17.166Z"}
{"level":"info","message":"Server is running on port 3002","service":"post-service","timestamp":"2025-08-02T12:13:23.003Z"}
{"level":"info","message":"Server is running on port 3002","service":"post-service","timestamp":"2025-08-02T12:13:26.667Z"}
{"level":"info","message":"Database connected successfully","service":"post-service","timestamp":"2025-08-02T12:13:30.460Z"}
{"level":"info","message":"Server is running on port 3002","service":"post-service","timestamp":"2025-08-02T12:13:37.157Z"}
{"level":"info","message":"Database connected successfully","service":"post-service","timestamp":"2025-08-02T12:13:40.796Z"}
{"level":"info","message":"Server is running on port 3002","service":"post-service","timestamp":"2025-08-02T12:13:45.545Z"}
{"level":"info","message":"Server is running on port 3002","service":"post-service","timestamp":"2025-08-02T12:13:49.424Z"}
{"level":"info","message":"Server is running on port 3002","service":"post-service","timestamp":"2025-08-02T12:14:07.564Z"}
{"level":"info","message":"Server is running on port 3002","service":"post-service","timestamp":"2025-08-02T12:14:10.012Z"}
{"level":"info","message":"Database connected successfully","service":"post-service","timestamp":"2025-08-02T12:14:13.833Z"}
{"level":"info","message":"Server is running on port 3002","service":"post-service","timestamp":"2025-08-02T12:14:19.338Z"}
{"level":"info","message":"Database connected successfully","service":"post-service","timestamp":"2025-08-02T12:14:23.100Z"}
{"level":"info","message":"Server is running on port 3002","service":"post-service","timestamp":"2025-08-02T12:14:23.768Z"}
{"level":"info","message":"Database connected successfully","service":"post-service","timestamp":"2025-08-02T12:14:27.643Z"}
{"level":"info","message":"Server is running on port 3002","service":"post-service","timestamp":"2025-08-02T12:14:44.037Z"}
{"level":"info","message":"Database connected successfully","service":"post-service","timestamp":"2025-08-02T12:14:48.126Z"}
{"level":"info","message":"Server is running on port 3002","service":"post-service","timestamp":"2025-08-02T12:14:48.904Z"}
{"level":"info","message":"Database connected successfully","service":"post-service","timestamp":"2025-08-02T12:14:52.859Z"}
{"level":"info","message":"Server is running on port 3002","service":"post-service","timestamp":"2025-08-02T12:16:30.410Z"}
{"level":"info","message":"Database connected successfully","service":"post-service","timestamp":"2025-08-02T12:16:34.808Z"}
{"level":"info","message":"Server is running on port 3002","service":"post-service","timestamp":"2025-08-02T12:16:54.282Z"}
{"level":"info","message":"Database connected successfully","service":"post-service","timestamp":"2025-08-02T12:16:58.434Z"}
{"level":"info","message":"Server is running on port 3002","service":"post-service","timestamp":"2025-08-02T12:16:59.345Z"}
{"level":"info","message":"Server is running on port 3002","service":"post-service","timestamp":"2025-08-02T12:17:03.539Z"}
{"level":"info","message":"Database connected successfully","service":"post-service","timestamp":"2025-08-02T12:17:07.254Z"}
{"level":"info","message":"Server is running on port 3002","service":"post-service","timestamp":"2025-08-02T12:17:32.538Z"}
{"level":"info","message":"Database connected successfully","service":"post-service","timestamp":"2025-08-02T12:17:36.549Z"}
{"level":"info","message":"Server is running on port 3002","service":"post-service","timestamp":"2025-08-02T12:17:37.801Z"}
{"level":"info","message":"Server is running on port 3002","service":"post-service","timestamp":"2025-08-02T12:17:41.052Z"}
{"level":"info","message":"Server is running on port 3002","service":"post-service","timestamp":"2025-08-02T12:17:43.972Z"}
{"level":"info","message":"Database connected successfully","service":"post-service","timestamp":"2025-08-02T12:17:47.941Z"}
{"level":"info","message":"Server is running on port 3002","service":"post-service","timestamp":"2025-08-02T12:20:09.481Z"}
{"level":"info","message":"Database connected successfully","service":"post-service","timestamp":"2025-08-02T12:20:14.688Z"}
{"level":"info","message":"Server is running on port 3002","service":"post-service","timestamp":"2025-08-02T12:20:39.465Z"}
{"level":"info","message":"Server is running on port 3002","service":"post-service","timestamp":"2025-08-02T12:20:42.567Z"}
{"level":"info","message":"Server is running on port 3002","service":"post-service","timestamp":"2025-08-02T12:20:44.523Z"}
{"level":"info","message":"Database connected successfully","service":"post-service","timestamp":"2025-08-02T12:20:48.287Z"}
{"level":"info","message":"Server is running on port 3002","service":"post-service","timestamp":"2025-08-02T12:20:54.724Z"}
{"level":"info","message":"Database connected successfully","service":"post-service","timestamp":"2025-08-02T12:20:58.601Z"}
{"level":"info","message":"Server is running on port 3002","service":"post-service","timestamp":"2025-08-02T12:20:59.799Z"}
{"level":"info","message":"Database connected successfully","service":"post-service","timestamp":"2025-08-02T12:21:03.863Z"}
{"level":"info","message":"Server is running on port 3002","service":"post-service","timestamp":"2025-08-02T12:21:19.537Z"}
{"level":"info","message":"Database connected successfully","service":"post-service","timestamp":"2025-08-02T12:21:23.543Z"}
{"level":"info","message":"Server is running on port 3002","service":"post-service","timestamp":"2025-08-02T12:21:24.945Z"}
{"level":"info","message":"Database connected successfully","service":"post-service","timestamp":"2025-08-02T12:21:29.696Z"}
{"level":"info","message":"Server is running on port 3002","service":"post-service","timestamp":"2025-08-02T12:21:30.609Z"}
{"level":"info","message":"Database connected successfully","service":"post-service","timestamp":"2025-08-02T12:21:35.466Z"}
{"level":"info","message":"Server is running on port 3002","service":"post-service","timestamp":"2025-08-02T12:21:35.791Z"}
{"level":"info","message":"Database connected successfully","service":"post-service","timestamp":"2025-08-02T12:21:40.307Z"}
{"level":"info","message":"Server is running on port 3002","service":"post-service","timestamp":"2025-08-02T12:21:43.241Z"}
{"level":"info","message":"Database connected successfully","service":"post-service","timestamp":"2025-08-02T12:21:47.385Z"}
{"level":"info","message":"Server is running on port 3002","service":"post-service","timestamp":"2025-08-02T12:21:55.004Z"}
{"level":"info","message":"Database connected successfully","service":"post-service","timestamp":"2025-08-02T12:21:58.862Z"}
{"level":"info","message":"Server is running on port 3002","service":"post-service","timestamp":"2025-08-02T12:21:59.452Z"}
{"level":"info","message":"Server is running on port 3002","service":"post-service","timestamp":"2025-08-02T12:22:00.192Z"}
{"level":"info","message":"Database connected successfully","service":"post-service","timestamp":"2025-08-02T12:22:03.959Z"}
{"level":"info","message":"Server is running on port 3002","service":"post-service","timestamp":"2025-08-02T12:22:31.134Z"}
{"level":"info","message":"Database connected successfully","service":"post-service","timestamp":"2025-08-02T12:22:35.273Z"}
{"level":"info","message":"Server is running on port 3002","service":"post-service","timestamp":"2025-08-02T12:22:35.944Z"}
{"level":"info","message":"Database connected successfully","service":"post-service","timestamp":"2025-08-02T12:22:39.677Z"}
{"level":"info","message":"Server is running on port 3002","service":"post-service","timestamp":"2025-08-02T12:22:43.427Z"}
{"level":"info","message":"Database connected successfully","service":"post-service","timestamp":"2025-08-02T12:22:47.489Z"}
{"level":"info","message":"Hitting get all posts endpoint....","service":"post-service","timestamp":"2025-08-02T12:24:13.703Z"}
{"level":"error","message":"Error fetching post: post is not defined","service":"post-service","stack":"ReferenceError: post is not defined\n    at getAllpost (file:///Users/subhadeepchakraborty/Desktop/Node%20js/micro-service/social-app/post-service/src/controllers/post-controller.js:66:25)\n    at process.processTicksAndRejections (node:internal/process/task_queues:105:5)","timestamp":"2025-08-02T12:24:13.706Z"}
{"level":"info","message":"Server is running on port 3002","service":"post-service","timestamp":"2025-08-02T12:25:11.847Z"}
{"level":"info","message":"Database connected successfully","service":"post-service","timestamp":"2025-08-02T12:25:16.134Z"}
{"level":"info","message":"Hitting get all posts endpoint....","service":"post-service","timestamp":"2025-08-02T12:25:17.650Z"}
{"level":"error","message":"Error fetching post: Converting circular structure to JSON\n    --> starting at object with constructor 'MongoClient'\n    |     property 's' -> object with constructor 'Object'\n    |     property 'sessionPool' -> object with constructor 'ServerSessionPool'\n    --- property 'client' closes the circle","service":"post-service","stack":"TypeError: Converting circular structure to JSON\n    --> starting at object with constructor 'MongoClient'\n    |     property 's' -> object with constructor 'Object'\n    |     property 'sessionPool' -> object with constructor 'ServerSessionPool'\n    --- property 'client' closes the circle\n    at JSON.stringify (<anonymous>)\n    at getAllpost (file:///Users/subhadeepchakraborty/Desktop/Node%20js/micro-service/social-app/post-service/src/controllers/post-controller.js:76:54)\n    at process.processTicksAndRejections (node:internal/process/task_queues:105:5)","timestamp":"2025-08-02T12:25:17.994Z"}
{"level":"info","message":"Server is running on port 3002","service":"post-service","timestamp":"2025-08-02T12:27:54.645Z"}
{"level":"info","message":"Server is running on port 3002","service":"post-service","timestamp":"2025-08-02T12:27:59.838Z"}
{"level":"info","message":"Database connected successfully","service":"post-service","timestamp":"2025-08-02T12:28:03.672Z"}
{"level":"info","message":"Server is running on port 3002","service":"post-service","timestamp":"2025-08-02T12:28:18.010Z"}
{"level":"info","message":"Database connected successfully","service":"post-service","timestamp":"2025-08-02T12:28:21.674Z"}
{"level":"info","message":"Hitting get all posts endpoint....","service":"post-service","timestamp":"2025-08-02T12:28:32.782Z"}
{"level":"error","message":"Error fetching post: Converting circular structure to JSON\n    --> starting at object with constructor 'MongoClient'\n    |     property 's' -> object with constructor 'Object'\n    |     property 'sessionPool' -> object with constructor 'ServerSessionPool'\n    --- property 'client' closes the circle","service":"post-service","stack":"TypeError: Converting circular structure to JSON\n    --> starting at object with constructor 'MongoClient'\n    |     property 's' -> object with constructor 'Object'\n    |     property 'sessionPool' -> object with constructor 'ServerSessionPool'\n    --- property 'client' closes the circle\n    at JSON.stringify (<anonymous>)\n    at getAllpost (file:///Users/subhadeepchakraborty/Desktop/Node%20js/micro-service/social-app/post-service/src/controllers/post-controller.js:76:54)\n    at process.processTicksAndRejections (node:internal/process/task_queues:105:5)","timestamp":"2025-08-02T12:28:33.128Z"}
{"level":"info","message":"Server is running on port 3002","service":"post-service","timestamp":"2025-08-02T12:29:51.363Z"}
{"level":"info","message":"Server is running on port 3002","service":"post-service","timestamp":"2025-08-02T12:29:53.832Z"}
{"level":"info","message":"Server is running on port 3002","service":"post-service","timestamp":"2025-08-02T12:29:56.405Z"}
{"level":"info","message":"Server is running on port 3002","service":"post-service","timestamp":"2025-08-02T12:29:59.386Z"}
{"level":"info","message":"Database connected successfully","service":"post-service","timestamp":"2025-08-02T12:30:03.113Z"}
{"level":"info","message":"Server is running on port 3002","service":"post-service","timestamp":"2025-08-02T12:30:04.402Z"}
{"level":"info","message":"Database connected successfully","service":"post-service","timestamp":"2025-08-02T12:30:08.184Z"}
{"level":"info","message":"Hitting get all posts endpoint....","service":"post-service","timestamp":"2025-08-02T12:30:31.495Z"}
{"level":"error","message":"Error fetching post: Converting circular structure to JSON\n    --> starting at object with constructor 'MongoClient'\n    |     property 's' -> object with constructor 'Object'\n    |     property 'sessionPool' -> object with constructor 'ServerSessionPool'\n    --- property 'client' closes the circle","service":"post-service","stack":"TypeError: Converting circular structure to JSON\n    --> starting at object with constructor 'MongoClient'\n    |     property 's' -> object with constructor 'Object'\n    |     property 'sessionPool' -> object with constructor 'ServerSessionPool'\n    --- property 'client' closes the circle\n    at JSON.stringify (<anonymous>)\n    at getAllpost (file:///Users/subhadeepchakraborty/Desktop/Node%20js/micro-service/social-app/post-service/src/controllers/post-controller.js:76:54)\n    at process.processTicksAndRejections (node:internal/process/task_queues:105:5)","timestamp":"2025-08-02T12:30:31.870Z"}
{"level":"info","message":"Server is running on port 3002","service":"post-service","timestamp":"2025-08-02T12:30:55.763Z"}
{"level":"info","message":"Database connected successfully","service":"post-service","timestamp":"2025-08-02T12:30:59.509Z"}
{"level":"info","message":"Server is running on port 3002","service":"post-service","timestamp":"2025-08-02T12:31:00.269Z"}
{"level":"info","message":"Database connected successfully","service":"post-service","timestamp":"2025-08-02T12:31:04.059Z"}
{"level":"info","message":"Server is running on port 3002","service":"post-service","timestamp":"2025-08-02T12:31:04.604Z"}
{"level":"info","message":"Hitting get all posts endpoint....","service":"post-service","timestamp":"2025-08-02T12:31:07.685Z"}
{"level":"info","message":"Database connected successfully","service":"post-service","timestamp":"2025-08-02T12:31:08.304Z"}
{"level":"error","message":"Error fetching post: Converting circular structure to JSON\n    --> starting at object with constructor 'MongoClient'\n    |     property 's' -> object with constructor 'Object'\n    |     property 'sessionPool' -> object with constructor 'ServerSessionPool'\n    --- property 'client' closes the circle","service":"post-service","stack":"TypeError: Converting circular structure to JSON\n    --> starting at object with constructor 'MongoClient'\n    |     property 's' -> object with constructor 'Object'\n    |     property 'sessionPool' -> object with constructor 'ServerSessionPool'\n    --- property 'client' closes the circle\n    at JSON.stringify (<anonymous>)\n    at getAllpost (file:///Users/subhadeepchakraborty/Desktop/Node%20js/micro-service/social-app/post-service/src/controllers/post-controller.js:73:54)\n    at process.processTicksAndRejections (node:internal/process/task_queues:105:5)","timestamp":"2025-08-02T12:31:08.651Z"}
{"level":"info","message":"Server is running on port 3002","service":"post-service","timestamp":"2025-08-02T12:32:13.166Z"}
{"level":"info","message":"Hitting get all posts endpoint....","service":"post-service","timestamp":"2025-08-02T12:32:16.459Z"}
{"level":"info","message":"Database connected successfully","service":"post-service","timestamp":"2025-08-02T12:32:18.476Z"}
{"level":"error","message":"Error fetching post: Converting circular structure to JSON\n    --> starting at object with constructor 'MongoClient'\n    |     property 's' -> object with constructor 'Object'\n    |     property 'sessionPool' -> object with constructor 'ServerSessionPool'\n    --- property 'client' closes the circle","service":"post-service","stack":"TypeError: Converting circular structure to JSON\n    --> starting at object with constructor 'MongoClient'\n    |     property 's' -> object with constructor 'Object'\n    |     property 'sessionPool' -> object with constructor 'ServerSessionPool'\n    --- property 'client' closes the circle\n    at JSON.stringify (<anonymous>)\n    at getAllpost (file:///Users/subhadeepchakraborty/Desktop/Node%20js/micro-service/social-app/post-service/src/controllers/post-controller.js:75:54)\n    at process.processTicksAndRejections (node:internal/process/task_queues:105:5)","timestamp":"2025-08-02T12:32:18.821Z"}
{"level":"info","message":"Server is running on port 3002","service":"post-service","timestamp":"2025-08-02T12:33:29.844Z"}
{"level":"info","message":"Database connected successfully","service":"post-service","timestamp":"2025-08-02T12:33:34.447Z"}
{"level":"info","message":"Hitting get all posts endpoint....","service":"post-service","timestamp":"2025-08-02T12:33:34.638Z"}
{"level":"info","message":"Hitting get all posts endpoint....","service":"post-service","timestamp":"2025-08-02T12:33:41.033Z"}
{"level":"info","message":"Hitting get all posts endpoint....","service":"post-service","timestamp":"2025-08-02T12:33:43.712Z"}
{"level":"info","message":"Hitting get all posts endpoint....","service":"post-service","timestamp":"2025-08-02T12:39:15.721Z"}
{"level":"info","message":"Hitting get all posts endpoint....","service":"post-service","timestamp":"2025-08-02T12:39:20.818Z"}
{"level":"info","message":"Hitting get all posts endpoint....","service":"post-service","timestamp":"2025-08-02T12:39:23.227Z"}
{"level":"info","message":"Server is running on port 3002","service":"post-service","timestamp":"2025-08-02T12:40:08.324Z"}
{"level":"info","message":"Database connected successfully","service":"post-service","timestamp":"2025-08-02T12:40:12.478Z"}
{"level":"info","message":"Server is running on port 3002","service":"post-service","timestamp":"2025-08-02T12:40:45.429Z"}
{"level":"info","message":"Database connected successfully","service":"post-service","timestamp":"2025-08-02T12:40:49.454Z"}
{"level":"info","message":"Hitting get all posts endpoint....","service":"post-service","timestamp":"2025-08-02T12:40:50.351Z"}
{"level":"info","message":"Hitting get all posts endpoint....","service":"post-service","timestamp":"2025-08-02T12:40:51.052Z"}
{"level":"info","message":"Hitting get all posts endpoint....","service":"post-service","timestamp":"2025-08-02T12:40:51.587Z"}
{"level":"info","message":"Hitting get all posts endpoint....","service":"post-service","timestamp":"2025-08-02T12:40:51.870Z"}
{"level":"info","message":"Hitting get all posts endpoint....","service":"post-service","timestamp":"2025-08-02T12:40:52.212Z"}
{"level":"info","message":"Hitting get all posts endpoint....","service":"post-service","timestamp":"2025-08-02T12:40:52.683Z"}
{"level":"info","message":"Hitting get all posts endpoint....","service":"post-service","timestamp":"2025-08-02T12:40:53.660Z"}
{"level":"info","message":"Hitting get all posts endpoint....","service":"post-service","timestamp":"2025-08-02T12:41:00.568Z"}
{"level":"info","message":"Hitting get all posts endpoint....","service":"post-service","timestamp":"2025-08-02T12:41:01.249Z"}
{"level":"info","message":"Hitting get all posts endpoint....","service":"post-service","timestamp":"2025-08-02T12:41:01.919Z"}
{"level":"info","message":"Hitting get all posts endpoint....","service":"post-service","timestamp":"2025-08-02T12:41:02.406Z"}
{"level":"info","message":"Hitting get all posts endpoint....","service":"post-service","timestamp":"2025-08-02T12:41:02.797Z"}
{"level":"info","message":"Hitting get all posts endpoint....","service":"post-service","timestamp":"2025-08-02T12:41:03.242Z"}
{"level":"info","message":"Hitting get all posts endpoint....","service":"post-service","timestamp":"2025-08-02T12:41:03.690Z"}
{"level":"info","message":"Hitting get all posts endpoint....","service":"post-service","timestamp":"2025-08-02T12:41:04.181Z"}
{"level":"info","message":"Hitting get all posts endpoint....","service":"post-service","timestamp":"2025-08-02T12:41:04.634Z"}
{"level":"info","message":"Hitting get all posts endpoint....","service":"post-service","timestamp":"2025-08-02T12:41:05.030Z"}
{"level":"info","message":"Hitting get all posts endpoint....","service":"post-service","timestamp":"2025-08-02T12:41:05.393Z"}
{"level":"info","message":"Hitting get all posts endpoint....","service":"post-service","timestamp":"2025-08-02T12:41:05.731Z"}
{"level":"info","message":"Hitting get all posts endpoint....","service":"post-service","timestamp":"2025-08-02T12:41:09.491Z"}
{"level":"info","message":"Hitting get all posts endpoint....","service":"post-service","timestamp":"2025-08-02T12:41:09.882Z"}
{"level":"info","message":"Hitting get all posts endpoint....","service":"post-service","timestamp":"2025-08-02T12:41:10.261Z"}
{"level":"info","message":"Hitting get all posts endpoint....","service":"post-service","timestamp":"2025-08-02T12:41:10.596Z"}
{"level":"info","message":"Hitting get all posts endpoint....","service":"post-service","timestamp":"2025-08-02T12:41:11.902Z"}
{"level":"info","message":"Hitting get all posts endpoint....","service":"post-service","timestamp":"2025-08-02T12:41:12.781Z"}
{"level":"info","message":"Hitting get all posts endpoint....","service":"post-service","timestamp":"2025-08-02T12:41:13.533Z"}
{"level":"info","message":"Hitting get all posts endpoint....","service":"post-service","timestamp":"2025-08-02T12:41:14.250Z"}
{"level":"info","message":"Hitting get all posts endpoint....","service":"post-service","timestamp":"2025-08-02T12:41:14.832Z"}
{"level":"info","message":"Hitting get all posts endpoint....","service":"post-service","timestamp":"2025-08-02T12:41:15.400Z"}
{"level":"info","message":"Server is running on port 3002","service":"post-service","timestamp":"2025-08-02T12:43:10.016Z"}
{"level":"info","message":"Database connected successfully","service":"post-service","timestamp":"2025-08-02T12:43:15.181Z"}
{"level":"info","message":"Server is running on port 3002","service":"post-service","timestamp":"2025-08-02T12:43:29.383Z"}
{"level":"info","message":"Database connected successfully","service":"post-service","timestamp":"2025-08-02T12:43:33.400Z"}
{"level":"info","message":"Server is running on port 3002","service":"post-service","timestamp":"2025-08-02T12:43:38.136Z"}
{"level":"info","message":"Database connected successfully","service":"post-service","timestamp":"2025-08-02T12:43:42.008Z"}
{"level":"info","message":"Hitting creating a new post endpoint","service":"post-service","timestamp":"2025-08-02T12:44:14.537Z"}
{"0":"c","1":"r","2":"e","3":"a","4":"t","5":"e","6":"d","level":"info","message":{"__v":0,"_id":"688e081ea6198ca55c0cbedc","comments":[],"content":"Bhai sunset ke time","createdAt":"2025-08-02T12:44:14.562Z","likes":[],"location":"Kolkata, India","mediaUrl":[{"_id":"688e081ea6198ca55c0cbedd","type":"image","url":"https://cdn.mysite.com/images/sunset.jpg"},{"_id":"688e081ea6198ca55c0cbede","type":"video","url":"https://cdn.mysite.com/videos/vibe.mp4"}],"tags":["sunset","mood","evening"],"updatedAt":"2025-08-02T12:44:14.562Z","userId":"6882738195ca3aaffc7001e1","visibility":"public"},"service":"post-service","timestamp":"2025-08-02T12:44:14.935Z"}
{"level":"info","message":"Post created successfully...","service":"post-service","timestamp":"2025-08-02T12:44:14.937Z"}
{"level":"info","message":"Server is running on port 3002","service":"post-service","timestamp":"2025-08-02T12:44:40.658Z"}
{"level":"info","message":"Database connected successfully","service":"post-service","timestamp":"2025-08-02T12:44:45.079Z"}
{"level":"info","message":"Server is running on port 3002","service":"post-service","timestamp":"2025-08-02T12:44:59.768Z"}
{"level":"info","message":"Database connected successfully","service":"post-service","timestamp":"2025-08-02T12:45:03.625Z"}
{"level":"info","message":"Server is running on port 3002","service":"post-service","timestamp":"2025-08-02T12:45:58.340Z"}
{"level":"info","message":"Database connected successfully","service":"post-service","timestamp":"2025-08-02T12:46:03.583Z"}
{"level":"info","message":"Server is running on port 3002","service":"post-service","timestamp":"2025-08-02T12:46:04.745Z"}
{"level":"info","message":"Database connected successfully","service":"post-service","timestamp":"2025-08-02T12:46:08.627Z"}
{"level":"info","message":"Server is running on port 3002","service":"post-service","timestamp":"2025-08-02T12:46:12.736Z"}
{"level":"info","message":"Database connected successfully","service":"post-service","timestamp":"2025-08-02T12:46:16.588Z"}
{"level":"info","message":"Server is running on port 3002","service":"post-service","timestamp":"2025-08-02T12:46:35.262Z"}
{"level":"info","message":"Database connected successfully","service":"post-service","timestamp":"2025-08-02T12:46:39.331Z"}
{"level":"info","message":"Server is running on port 3002","service":"post-service","timestamp":"2025-08-02T12:47:02.129Z"}
{"level":"info","message":"Database connected successfully","service":"post-service","timestamp":"2025-08-02T12:47:06.223Z"}
{"level":"info","message":"Server is running on port 3002","service":"post-service","timestamp":"2025-08-02T12:47:08.954Z"}
{"level":"info","message":"Database connected successfully","service":"post-service","timestamp":"2025-08-02T12:47:12.850Z"}
{"level":"info","message":"Server is running on port 3002","service":"post-service","timestamp":"2025-08-02T12:47:16.655Z"}
{"level":"info","message":"Database connected successfully","service":"post-service","timestamp":"2025-08-02T12:47:20.662Z"}
{"level":"info","message":"Server is running on port 3002","service":"post-service","timestamp":"2025-08-02T12:47:21.475Z"}
{"level":"info","message":"Database connected successfully","service":"post-service","timestamp":"2025-08-02T12:47:25.522Z"}
{"level":"info","message":"Server is running on port 3002","service":"post-service","timestamp":"2025-08-02T12:48:03.233Z"}
{"level":"info","message":"Database connected successfully","service":"post-service","timestamp":"2025-08-02T12:48:07.414Z"}
{"level":"info","message":"Server is running on port 3002","service":"post-service","timestamp":"2025-08-02T12:48:11.600Z"}
{"level":"info","message":"Database connected successfully","service":"post-service","timestamp":"2025-08-02T12:48:15.421Z"}
{"level":"info","message":"Server is running on port 3002","service":"post-service","timestamp":"2025-08-02T12:48:16.794Z"}
{"level":"info","message":"Database connected successfully","service":"post-service","timestamp":"2025-08-02T12:48:20.695Z"}
{"level":"info","message":"Server is running on port 3002","service":"post-service","timestamp":"2025-08-02T12:48:23.866Z"}
{"level":"info","message":"Database connected successfully","service":"post-service","timestamp":"2025-08-02T12:48:27.874Z"}
{"level":"info","message":"Server is running on port 3002","service":"post-service","timestamp":"2025-08-02T12:48:29.952Z"}
{"level":"info","message":"Database connected successfully","service":"post-service","timestamp":"2025-08-02T12:48:33.941Z"}
{"level":"info","message":"Server is running on port 3002","service":"post-service","timestamp":"2025-08-02T12:48:35.778Z"}
{"level":"info","message":"Database connected successfully","service":"post-service","timestamp":"2025-08-02T12:48:40.459Z"}
{"level":"info","message":"Server is running on port 3002","service":"post-service","timestamp":"2025-08-02T12:49:21.095Z"}
{"level":"info","message":"Database connected successfully","service":"post-service","timestamp":"2025-08-02T12:49:24.978Z"}
{"level":"info","message":"Server is running on port 3002","service":"post-service","timestamp":"2025-08-02T12:49:32.034Z"}
{"level":"info","message":"Database connected successfully","service":"post-service","timestamp":"2025-08-02T12:49:35.940Z"}
{"level":"info","message":"Hitting creating a new post endpoint","service":"post-service","timestamp":"2025-08-02T12:51:38.123Z"}
{"level":"info","message":"Hitting creating a new post endpoint","service":"post-service","timestamp":"2025-08-02T12:52:22.390Z"}
{"0":"c","1":"r","2":"e","3":"a","4":"t","5":"e","6":"d","level":"info","message":{"__v":0,"_id":"688e0a06eb46a6c5c1a32f89","comments":[],"content":"Bhai sunset ke time","createdAt":"2025-08-02T12:52:22.419Z","likes":[],"location":"Kolkata, India","mediaUrl":[{"_id":"688e0a06eb46a6c5c1a32f8a","type":"image","url":"https://cdn.mysite.com/images/sunset.jpg"},{"_id":"688e0a06eb46a6c5c1a32f8b","type":"video","url":"https://cdn.mysite.com/videos/vibe.mp4"}],"tags":["sunset","mood","evening"],"updatedAt":"2025-08-02T12:52:22.419Z","userId":"6882738195ca3aaffc7001e1","visibility":"public"},"service":"post-service","timestamp":"2025-08-02T12:52:22.810Z"}
{"level":"info","message":"Post created successfully...","service":"post-service","timestamp":"2025-08-02T12:52:22.813Z"}
{"level":"info","message":"Hitting get all posts endpoint....","service":"post-service","timestamp":"2025-08-02T12:53:09.720Z"}
{"level":"info","message":"Hitting get all posts endpoint....","service":"post-service","timestamp":"2025-08-02T12:53:31.285Z"}
{"level":"info","message":"Hitting get all posts endpoint....","service":"post-service","timestamp":"2025-08-02T12:53:34.247Z"}
{"level":"info","message":"Hitting creating a new post endpoint","service":"post-service","timestamp":"2025-08-02T12:54:09.221Z"}
{"0":"c","1":"r","2":"e","3":"a","4":"t","5":"e","6":"d","level":"info","message":{"__v":0,"_id":"688e0a71eb46a6c5c1a32f94","comments":[],"content":"Deba sunset ke time","createdAt":"2025-08-02T12:54:09.228Z","likes":[],"location":"Kolkata, India","mediaUrl":[{"_id":"688e0a71eb46a6c5c1a32f95","type":"image","url":"https://cdn.mysite.com/images/sunset.jpg"},{"_id":"688e0a71eb46a6c5c1a32f96","type":"video","url":"https://cdn.mysite.com/videos/vibe.mp4"}],"tags":["sunset","mood"],"updatedAt":"2025-08-02T12:54:09.228Z","userId":"6882738195ca3aaffc7001e1","visibility":"public"},"service":"post-service","timestamp":"2025-08-02T12:54:09.596Z"}
{"level":"info","message":"Post created successfully...","service":"post-service","timestamp":"2025-08-02T12:54:09.598Z"}
{"level":"info","message":"Hitting get all posts endpoint....","service":"post-service","timestamp":"2025-08-02T12:54:27.567Z"}
{"level":"info","message":"Hitting get all posts endpoint....","service":"post-service","timestamp":"2025-08-02T12:54:42.665Z"}
{"level":"info","message":"Hitting get all posts endpoint....","service":"post-service","timestamp":"2025-08-02T12:55:11.982Z"}
{"level":"info","message":"Server is running on port 3002","service":"post-service","timestamp":"2025-08-02T12:56:08.300Z"}
{"level":"info","message":"Database connected successfully","service":"post-service","timestamp":"2025-08-02T12:56:13.475Z"}
{"level":"info","message":"Server is running on port 3002","service":"post-service","timestamp":"2025-08-02T12:56:13.837Z"}
{"level":"info","message":"Database connected successfully","service":"post-service","timestamp":"2025-08-02T12:56:17.982Z"}
{"level":"info","message":"Server is running on port 3002","service":"post-service","timestamp":"2025-08-02T12:56:24.939Z"}
{"level":"info","message":"Database connected successfully","service":"post-service","timestamp":"2025-08-02T12:56:28.807Z"}
{"level":"info","message":"Server is running on port 3002","service":"post-service","timestamp":"2025-08-02T12:56:31.832Z"}
{"level":"info","message":"Database connected successfully","service":"post-service","timestamp":"2025-08-02T12:56:35.790Z"}
{"level":"info","message":"Hitting creating a new post endpoint","service":"post-service","timestamp":"2025-08-02T12:56:37.220Z"}
{"0":"c","1":"r","2":"e","3":"a","4":"t","5":"e","6":"d","level":"info","message":{"__v":0,"_id":"688e0b05ee531a9c0afb8e78","comments":[],"content":"Deba sunset ke time","createdAt":"2025-08-02T12:56:37.243Z","likes":[],"location":"Kolkata, India","mediaUrl":[{"_id":"688e0b05ee531a9c0afb8e79","type":"image","url":"https://cdn.mysite.com/images/sunset.jpg"},{"_id":"688e0b05ee531a9c0afb8e7a","type":"video","url":"https://cdn.mysite.com/videos/vibe.mp4"}],"tags":["sunset","mood"],"updatedAt":"2025-08-02T12:56:37.243Z","userId":"6882738195ca3aaffc7001e1","visibility":"public"},"service":"post-service","timestamp":"2025-08-02T12:56:37.614Z"}
{"level":"info","message":"Post created successfully...","service":"post-service","timestamp":"2025-08-02T12:56:37.618Z"}
{"level":"info","message":"Server is running on port 3002","service":"post-service","timestamp":"2025-08-02T12:56:52.371Z"}
{"level":"info","message":"Server is running on port 3002","service":"post-service","timestamp":"2025-08-02T12:56:54.600Z"}
{"level":"info","message":"Hitting creating a new post endpoint","service":"post-service","timestamp":"2025-08-02T12:56:57.238Z"}
{"level":"info","message":"Database connected successfully","service":"post-service","timestamp":"2025-08-02T12:56:58.634Z"}
{"0":"c","1":"r","2":"e","3":"a","4":"t","5":"e","6":"d","level":"info","message":{"__v":0,"_id":"688e0b19336806f8f98c24d1","comments":[],"content":"Deba sunset ke time","createdAt":"2025-08-02T12:56:57.264Z","likes":[],"location":"Kolkata, India","mediaUrl":[{"_id":"688e0b19336806f8f98c24d2","type":"image","url":"https://cdn.mysite.com/images/sunset.jpg"},{"_id":"688e0b19336806f8f98c24d3","type":"video","url":"https://cdn.mysite.com/videos/vibe.mp4"}],"tags":["sunset","mood"],"updatedAt":"2025-08-02T12:56:57.264Z","userId":"6882738195ca3aaffc7001e1","visibility":"public"},"service":"post-service","timestamp":"2025-08-02T12:56:58.993Z"}
{"level":"info","message":"Post created successfully...","service":"post-service","timestamp":"2025-08-02T12:56:59.003Z"}
{"level":"info","message":"Server is running on port 3002","service":"post-service","timestamp":"2025-08-02T12:57:01.081Z"}
{"level":"info","message":"Database connected successfully","service":"post-service","timestamp":"2025-08-02T12:57:05.020Z"}
{"level":"info","message":"Server is running on port 3002","service":"post-service","timestamp":"2025-08-02T12:57:07.614Z"}
{"level":"info","message":"Database connected successfully","service":"post-service","timestamp":"2025-08-02T12:57:11.568Z"}
{"level":"info","message":"Hitting get all posts endpoint....","service":"post-service","timestamp":"2025-08-02T12:57:23.911Z"}
{"level":"info","message":"Hitting get all posts endpoint....","service":"post-service","timestamp":"2025-08-02T12:58:06.549Z"}
{"level":"info","message":"Hitting get all posts endpoint....","service":"post-service","timestamp":"2025-08-02T12:58:07.299Z"}
{"level":"info","message":"Hitting get all posts endpoint....","service":"post-service","timestamp":"2025-08-02T12:58:07.694Z"}
{"level":"info","message":"Hitting get all posts endpoint....","service":"post-service","timestamp":"2025-08-02T12:58:08.094Z"}
{"level":"info","message":"Server is running on port 3002","service":"post-service","timestamp":"2025-08-02T13:02:00.826Z"}
{"level":"info","message":"Database connected successfully","service":"post-service","timestamp":"2025-08-02T13:02:06.419Z"}
{"level":"info","message":"Server is running on port 3002","service":"post-service","timestamp":"2025-08-02T13:02:48.160Z"}
{"level":"info","message":"Server is running on port 3002","service":"post-service","timestamp":"2025-08-02T13:03:41.398Z"}
{"level":"info","message":"Database connected successfully","service":"post-service","timestamp":"2025-08-02T13:03:45.781Z"}
{"level":"info","message":"Server is running on port 3002","service":"post-service","timestamp":"2025-08-02T13:03:48.371Z"}
{"level":"info","message":"Database connected successfully","service":"post-service","timestamp":"2025-08-02T13:03:52.339Z"}
{"level":"info","message":"Server is running on port 3002","service":"post-service","timestamp":"2025-08-02T13:03:59.216Z"}
{"level":"info","message":"Database connected successfully","service":"post-service","timestamp":"2025-08-02T13:04:03.915Z"}
{"level":"info","message":"Hitting get all posts endpoint....","service":"post-service","timestamp":"2025-08-02T13:04:39.883Z"}
{"level":"info","message":"Hitting get all posts endpoint....","service":"post-service","timestamp":"2025-08-02T13:04:48.765Z"}
{"level":"info","message":"Hitting get all posts endpoint....","service":"post-service","timestamp":"2025-08-02T13:04:52.216Z"}
{"level":"info","message":"Hitting get all posts endpoint....","service":"post-service","timestamp":"2025-08-02T13:04:53.531Z"}
{"level":"info","message":"Hitting get all posts endpoint....","service":"post-service","timestamp":"2025-08-02T13:04:54.711Z"}
{"level":"info","message":"Server is running on port 3002","service":"post-service","timestamp":"2025-08-02T13:05:33.882Z"}
{"level":"info","message":"Hitting get all posts endpoint....","service":"post-service","timestamp":"2025-08-02T13:05:35.074Z"}
{"level":"info","message":"Database connected successfully","service":"post-service","timestamp":"2025-08-02T13:05:37.952Z"}
{"level":"info","message":"Server is running on port 3002","service":"post-service","timestamp":"2025-08-02T13:06:07.626Z"}
{"level":"info","message":"Database connected successfully","service":"post-service","timestamp":"2025-08-02T13:06:11.845Z"}
{"level":"info","message":"Server is running on port 3002","service":"post-service","timestamp":"2025-08-02T13:06:13.632Z"}
{"level":"info","message":"Hitting get all posts endpoint....","service":"post-service","timestamp":"2025-08-02T13:06:14.674Z"}
{"level":"info","message":"Database connected successfully","service":"post-service","timestamp":"2025-08-02T13:06:17.538Z"}
{"level":"info","message":"Server is running on port 3002","service":"post-service","timestamp":"2025-08-02T13:06:30.009Z"}
{"level":"info","message":"Database connected successfully","service":"post-service","timestamp":"2025-08-02T13:06:33.918Z"}
{"level":"info","message":"Server is running on port 3002","service":"post-service","timestamp":"2025-08-02T13:06:34.803Z"}
{"level":"info","message":"Database connected successfully","service":"post-service","timestamp":"2025-08-02T13:06:38.672Z"}
{"level":"info","message":"Server is running on port 3002","service":"post-service","timestamp":"2025-08-02T13:07:43.852Z"}
{"level":"info","message":"Hitting get all posts endpoint....","service":"post-service","timestamp":"2025-08-02T13:07:46.234Z"}
{"level":"info","message":"Database connected successfully","service":"post-service","timestamp":"2025-08-02T13:07:49.361Z"}
{"level":"info","message":"Hitting get all posts endpoint....","service":"post-service","timestamp":"2025-08-02T13:07:52.275Z"}
{"level":"info","message":"Hitting get all posts endpoint....","service":"post-service","timestamp":"2025-08-02T13:07:53.213Z"}
{"level":"info","message":"Hitting get all posts endpoint....","service":"post-service","timestamp":"2025-08-02T13:07:53.794Z"}
{"level":"info","message":"Hitting get all posts endpoint....","service":"post-service","timestamp":"2025-08-02T13:07:54.178Z"}
{"level":"info","message":"Server is running on port 3002","service":"post-service","timestamp":"2025-08-02T13:09:20.898Z"}
{"level":"info","message":"Database connected successfully","service":"post-service","timestamp":"2025-08-02T13:09:26.488Z"}
{"level":"info","message":"Server is running on port 3002","service":"post-service","timestamp":"2025-08-02T13:09:27.980Z"}
{"level":"info","message":"Database connected successfully","service":"post-service","timestamp":"2025-08-02T13:09:32.047Z"}
{"level":"info","message":"Hitting get all posts endpoint....","service":"post-service","timestamp":"2025-08-02T13:09:40.645Z"}
{"level":"info","message":"Hitting get all posts endpoint....","service":"post-service","timestamp":"2025-08-02T13:09:45.590Z"}
{"level":"info","message":"Hitting get all posts endpoint....","service":"post-service","timestamp":"2025-08-02T13:09:46.394Z"}
{"level":"info","message":"Hitting get all posts endpoint....","service":"post-service","timestamp":"2025-08-02T13:09:47.005Z"}
{"level":"info","message":"Hitting creating a new post endpoint","service":"post-service","timestamp":"2025-08-02T13:10:19.497Z"}
{"level":"info","message":"Post created successfully...","service":"post-service","timestamp":"2025-08-02T13:10:19.894Z"}
{"level":"info","message":"Hitting creating a new post endpoint","service":"post-service","timestamp":"2025-08-02T13:10:36.169Z"}
{"level":"info","message":"Post created successfully...","service":"post-service","timestamp":"2025-08-02T13:10:36.572Z"}
{"level":"info","message":"Hitting get all posts endpoint....","service":"post-service","timestamp":"2025-08-02T13:11:31.601Z"}
{"level":"info","message":"Hitting get all posts endpoint....","service":"post-service","timestamp":"2025-08-02T13:11:45.925Z"}
{"level":"info","message":"Server is running on port 3002","service":"post-service","timestamp":"2025-08-02T13:19:55.547Z"}
{"level":"info","message":"Database connected successfully","service":"post-service","timestamp":"2025-08-02T13:20:00.215Z"}
{"level":"info","message":"Server is running on port 3002","service":"post-service","timestamp":"2025-08-02T13:21:00.505Z"}
{"level":"info","message":"Database connected successfully","service":"post-service","timestamp":"2025-08-02T13:21:07.748Z"}
{"level":"info","message":"Server is running on port 3002","service":"post-service","timestamp":"2025-08-02T13:21:23.568Z"}
{"level":"info","message":"Database connected successfully","service":"post-service","timestamp":"2025-08-02T13:21:27.231Z"}
{"level":"info","message":"Server is running on port 3002","service":"post-service","timestamp":"2025-08-02T13:21:30.708Z"}
{"level":"info","message":"Database connected successfully","service":"post-service","timestamp":"2025-08-02T13:21:34.728Z"}
{"level":"info","message":"Server is running on port 3002","service":"post-service","timestamp":"2025-08-02T13:21:49.756Z"}
{"level":"info","message":"Database connected successfully","service":"post-service","timestamp":"2025-08-02T13:21:53.661Z"}
{"level":"info","message":"Server is running on port 3002","service":"post-service","timestamp":"2025-08-02T13:21:56.130Z"}
{"level":"info","message":"Database connected successfully","service":"post-service","timestamp":"2025-08-02T13:22:00.021Z"}
{"level":"info","message":"Server is running on port 3002","service":"post-service","timestamp":"2025-08-02T13:22:04.200Z"}
{"level":"info","message":"Database connected successfully","service":"post-service","timestamp":"2025-08-02T13:22:07.918Z"}
{"level":"info","message":"Server is running on port 3002","service":"post-service","timestamp":"2025-08-02T13:22:12.809Z"}
{"level":"info","message":"Database connected successfully","service":"post-service","timestamp":"2025-08-02T13:22:16.615Z"}
{"level":"info","message":"Server is running on port 3002","service":"post-service","timestamp":"2025-08-02T13:22:36.277Z"}
{"level":"info","message":"Database connected successfully","service":"post-service","timestamp":"2025-08-02T13:22:40.724Z"}
{"level":"info","message":"Hitting single post endpoint ....","service":"post-service","timestamp":"2025-08-02T13:24:01.495Z"}
{"level":"info","message":"Hitting get all posts endpoint....","service":"post-service","timestamp":"2025-08-02T13:24:18.959Z"}
{"level":"info","message":"Hitting get all posts endpoint....","service":"post-service","timestamp":"2025-08-02T13:26:59.591Z"}
{"level":"info","message":"Hitting get all posts endpoint....","service":"post-service","timestamp":"2025-08-02T13:27:05.205Z"}
{"level":"info","message":"Hitting get all posts endpoint....","service":"post-service","timestamp":"2025-08-02T13:27:06.296Z"}
{"level":"info","message":"Hitting single post endpoint ....","service":"post-service","timestamp":"2025-08-02T13:27:10.084Z"}
{"level":"info","message":"Hitting single post endpoint ....","service":"post-service","timestamp":"2025-08-02T13:27:13.448Z"}
{"level":"info","message":"Hitting single post endpoint ....","service":"post-service","timestamp":"2025-08-02T13:27:15.543Z"}
{"level":"info","message":"Server is running on port 3002","service":"post-service","timestamp":"2025-08-02T13:27:57.649Z"}
{"level":"info","message":"Database connected successfully","service":"post-service","timestamp":"2025-08-02T13:28:04.681Z"}
{"level":"info","message":"Server is running on port 3002","service":"post-service","timestamp":"2025-08-02T13:28:17.116Z"}
{"level":"info","message":"Database connected successfully","service":"post-service","timestamp":"2025-08-02T13:28:20.654Z"}
{"level":"info","message":"Server is running on port 3002","service":"post-service","timestamp":"2025-08-02T13:28:21.720Z"}
{"level":"info","message":"Server is running on port 3002","service":"post-service","timestamp":"2025-08-02T13:28:23.505Z"}
{"level":"info","message":"Database connected successfully","service":"post-service","timestamp":"2025-08-02T13:28:27.244Z"}
{"level":"info","message":"Server is running on port 3002","service":"post-service","timestamp":"2025-08-02T13:28:38.483Z"}
{"level":"info","message":"Database connected successfully","service":"post-service","timestamp":"2025-08-02T13:28:42.470Z"}
{"level":"info","message":"Server is running on port 3002","service":"post-service","timestamp":"2025-08-02T13:29:12.029Z"}
{"level":"info","message":"Database connected successfully","service":"post-service","timestamp":"2025-08-02T13:29:15.794Z"}
{"level":"info","message":"Server is running on port 3002","service":"post-service","timestamp":"2025-08-02T13:29:23.963Z"}
{"level":"info","message":"Server is running on port 3002","service":"post-service","timestamp":"2025-08-02T13:29:27.040Z"}
{"level":"info","message":"Database connected successfully","service":"post-service","timestamp":"2025-08-02T13:29:30.699Z"}
{"level":"info","message":"Server is running on port 3002","service":"post-service","timestamp":"2025-08-02T13:29:38.940Z"}
{"level":"info","message":"Database connected successfully","service":"post-service","timestamp":"2025-08-02T13:29:42.642Z"}
{"level":"info","message":"Server is running on port 3002","service":"post-service","timestamp":"2025-08-02T13:29:50.758Z"}
{"level":"info","message":"Database connected successfully","service":"post-service","timestamp":"2025-08-02T13:29:54.795Z"}
{"level":"info","message":"Server is running on port 3002","service":"post-service","timestamp":"2025-08-02T13:29:56.688Z"}
{"level":"info","message":"Database connected successfully","service":"post-service","timestamp":"2025-08-02T13:30:00.652Z"}
{"level":"info","message":"Server is running on port 3002","service":"post-service","timestamp":"2025-08-02T13:30:21.080Z"}
{"level":"info","message":"Database connected successfully","service":"post-service","timestamp":"2025-08-02T13:30:25.160Z"}
{"level":"info","message":"Server is running on port 3002","service":"post-service","timestamp":"2025-08-02T13:30:41.835Z"}
{"level":"info","message":"Server is running on port 3002","service":"post-service","timestamp":"2025-08-02T13:30:48.938Z"}
{"level":"info","message":"Server is running on port 3002","service":"post-service","timestamp":"2025-08-02T13:30:51.346Z"}
{"level":"info","message":"Database connected successfully","service":"post-service","timestamp":"2025-08-02T13:30:54.995Z"}
{"level":"info","message":"Hitting single post endpoint ....","service":"post-service","timestamp":"2025-08-02T13:31:55.842Z"}
{"level":"info","message":"Hitting delete post endpoint ....","service":"post-service","timestamp":"2025-08-02T13:32:49.345Z"}
{"level":"info","message":"Server is running on port 3002","service":"post-service","timestamp":"2025-08-02T15:07:09.367Z"}
{"level":"info","message":"Database connected successfully","service":"post-service","timestamp":"2025-08-02T15:07:14.259Z"}
{"level":"info","message":"Server is running on port 3002","service":"post-service","timestamp":"2025-08-02T15:07:15.366Z"}
{"level":"info","message":"Database connected successfully","service":"post-service","timestamp":"2025-08-02T15:07:19.006Z"}
{"level":"info","message":"Server is running on port 3002","service":"post-service","timestamp":"2025-08-02T16:36:55.178Z"}
{"level":"info","message":"Database connected successfully","service":"post-service","timestamp":"2025-08-02T16:36:59.419Z"}
{"level":"info","message":"Server is running on port 3002","service":"post-service","timestamp":"2025-08-03T09:17:37.467Z"}
{"level":"info","message":"Database connected successfully","service":"post-service","timestamp":"2025-08-03T09:17:42.035Z"}
{"level":"info","message":"Server is running on port 3002","service":"post-service","timestamp":"2025-08-03T09:35:53.173Z"}
{"level":"info","message":"Database connected successfully","service":"post-service","timestamp":"2025-08-03T09:35:57.375Z"}
{"level":"info","message":"Server is running on port 3002","service":"post-service","timestamp":"2025-08-03T13:14:20.364Z"}
{"level":"info","message":"Database connected successfully","service":"post-service","timestamp":"2025-08-03T13:14:24.394Z"}
{"level":"info","message":"Server is running on port 3002","service":"post-service","timestamp":"2025-08-03T13:15:27.393Z"}
{"level":"info","message":"Database connected successfully","service":"post-service","timestamp":"2025-08-03T13:15:31.068Z"}
{"level":"info","message":"Server is running on port 3002","service":"post-service","timestamp":"2025-08-03T13:15:41.601Z"}
{"level":"info","message":"Database connected successfully","service":"post-service","timestamp":"2025-08-03T13:15:45.414Z"}
{"level":"info","message":"Server is running on port 3002","service":"post-service","timestamp":"2025-08-03T13:15:46.731Z"}
{"level":"info","message":"Database connected successfully","service":"post-service","timestamp":"2025-08-03T13:15:50.197Z"}
{"level":"info","message":"Server is running on port 3002","service":"post-service","timestamp":"2025-08-03T13:15:51.440Z"}
{"level":"info","message":"Database connected successfully","service":"post-service","timestamp":"2025-08-03T13:15:55.075Z"}
{"level":"info","message":"Server is running on port 3002","service":"post-service","timestamp":"2025-08-03T13:17:21.387Z"}
{"level":"info","message":"Database connected successfully","service":"post-service","timestamp":"2025-08-03T13:17:25.958Z"}
{"level":"info","message":"Server is running on port 3002","service":"post-service","timestamp":"2025-08-03T13:17:28.713Z"}
{"level":"info","message":"Database connected successfully","service":"post-service","timestamp":"2025-08-03T13:17:32.321Z"}
{"level":"info","message":"Server is running on port 3002","service":"post-service","timestamp":"2025-08-03T13:17:59.711Z"}
{"level":"info","message":"Database connected successfully","service":"post-service","timestamp":"2025-08-03T13:18:03.482Z"}
{"level":"info","message":"Server is running on port 3002","service":"post-service","timestamp":"2025-08-03T13:20:55.114Z"}
{"level":"info","message":"Database connected successfully","service":"post-service","timestamp":"2025-08-03T13:20:59.914Z"}
{"level":"info","message":"Server is running on port 3002","service":"post-service","timestamp":"2025-08-03T13:21:01.785Z"}
{"level":"info","message":"Database connected successfully","service":"post-service","timestamp":"2025-08-03T13:21:05.541Z"}
{"level":"info","message":"Server is running on port 3002","service":"post-service","timestamp":"2025-08-03T13:22:06.948Z"}
{"level":"info","message":"Database connected successfully","service":"post-service","timestamp":"2025-08-03T13:22:10.422Z"}
{"level":"info","message":"Hitting creating a new post endpoint","service":"post-service","timestamp":"2025-08-03T13:23:51.288Z"}
{"level":"info","message":"Post created successfully...","service":"post-service","timestamp":"2025-08-03T13:23:51.667Z"}
{"level":"info","message":"Server is running on port 3002","service":"post-service","timestamp":"2025-08-03T13:25:34.576Z"}
{"level":"info","message":"Database connected successfully","service":"post-service","timestamp":"2025-08-03T13:25:39.013Z"}
{"level":"info","message":"Server is running on port 3002","service":"post-service","timestamp":"2025-08-03T13:25:51.382Z"}
{"level":"info","message":"Database connected successfully","service":"post-service","timestamp":"2025-08-03T13:25:55.105Z"}
{"level":"info","message":"Hitting creating a new post endpoint","service":"post-service","timestamp":"2025-08-03T13:27:08.421Z"}
{"level":"info","message":"Post created successfully...","service":"post-service","timestamp":"2025-08-03T13:27:09.012Z"}
{"level":"info","message":"Server is running on port 3002","service":"post-service","timestamp":"2025-08-03T13:27:48.924Z"}
{"level":"info","message":"Database connected successfully","service":"post-service","timestamp":"2025-08-03T13:27:53.045Z"}
{"level":"info","message":"Hitting creating a new post endpoint","service":"post-service","timestamp":"2025-08-03T13:28:07.269Z"}
{"0":"\"","1":"m","10":" ","11":"i","12":"s","13":" ","14":"n","15":"o","16":"t","17":" ","18":"a","19":"l","2":"e","20":"l","21":"o","22":"w","23":"e","24":"d","3":"d","4":"i","5":"a","6":"U","7":"r","8":"l","9":"\"","level":"error","message":"Validation error:","service":"post-service","timestamp":"2025-08-03T13:28:07.274Z"}
{"level":"info","message":"Hitting creating a new post endpoint","service":"post-service","timestamp":"2025-08-03T13:30:05.707Z"}
{"level":"info","message":"Post created successfully...","service":"post-service","timestamp":"2025-08-03T13:30:06.071Z"}
{"level":"info","message":"Server is running on port 3002","service":"post-service","timestamp":"2025-08-03T13:33:02.579Z"}
{"level":"info","message":"Database connected successfully","service":"post-service","timestamp":"2025-08-03T13:33:06.976Z"}
{"level":"info","message":"Hitting creating a new post endpoint","service":"post-service","timestamp":"2025-08-03T13:33:07.867Z"}
{"_message":"Post validation failed","errors":{"userId":{"kind":"required","message":"Path `userId` is required.","name":"ValidatorError","path":"userId","properties":{"message":"Path `userId` is required.","path":"userId","type":"required"}}},"level":"error","message":"Error creating post: Post validation failed: userId: Path `userId` is required.","service":"post-service","stack":"ValidationError: Post validation failed: userId: Path `userId` is required.\n    at Document.invalidate (/Users/subhadeepchakraborty/Desktop/Node js/micro-service/social-app/post-service/node_modules/mongoose/lib/document.js:3358:32)\n    at /Users/subhadeepchakraborty/Desktop/Node js/micro-service/social-app/post-service/node_modules/mongoose/lib/document.js:3119:17\n    at /Users/subhadeepchakraborty/Desktop/Node js/micro-service/social-app/post-service/node_modules/mongoose/lib/schemaType.js:1410:9\n    at process.processTicksAndRejections (node:internal/process/task_queues:85:11)","timestamp":"2025-08-03T13:33:07.881Z"}
{"level":"info","message":"Server is running on port 3002","service":"post-service","timestamp":"2025-08-03T13:34:23.199Z"}
{"level":"info","message":"Database connected successfully","service":"post-service","timestamp":"2025-08-03T13:34:27.184Z"}
{"level":"info","message":"Server is running on port 3002","service":"post-service","timestamp":"2025-08-03T13:37:01.433Z"}
{"level":"info","message":"Database connected successfully","service":"post-service","timestamp":"2025-08-03T13:37:06.019Z"}
{"level":"info","message":"Server is running on port 3002","service":"post-service","timestamp":"2025-08-03T13:37:10.127Z"}
{"level":"info","message":"Database connected successfully","service":"post-service","timestamp":"2025-08-03T13:37:13.856Z"}
{"level":"info","message":"Server is running on port 3002","service":"post-service","timestamp":"2025-08-03T13:37:17.009Z"}
{"level":"info","message":"Database connected successfully","service":"post-service","timestamp":"2025-08-03T13:37:20.650Z"}
{"level":"info","message":"Server is running on port 3002","service":"post-service","timestamp":"2025-08-03T13:37:41.548Z"}
{"level":"info","message":"Database connected successfully","service":"post-service","timestamp":"2025-08-03T13:37:44.925Z"}
{"level":"info","message":"Server is running on port 3002","service":"post-service","timestamp":"2025-08-03T13:38:09.257Z"}
{"level":"info","message":"Database connected successfully","service":"post-service","timestamp":"2025-08-03T13:38:12.774Z"}
{"level":"info","message":"Server is running on port 3002","service":"post-service","timestamp":"2025-08-03T13:38:17.712Z"}
{"level":"info","message":"Database connected successfully","service":"post-service","timestamp":"2025-08-03T13:38:21.337Z"}
{"level":"info","message":"Server is running on port 3002","service":"post-service","timestamp":"2025-08-03T13:38:31.888Z"}
{"level":"info","message":"Server is running on port 3002","service":"post-service","timestamp":"2025-08-03T13:38:34.982Z"}
{"level":"info","message":"Database connected successfully","service":"post-service","timestamp":"2025-08-03T13:38:38.454Z"}
{"level":"info","message":"Server is running on port 3002","service":"post-service","timestamp":"2025-08-03T13:38:43.208Z"}
{"level":"info","message":"Database connected successfully","service":"post-service","timestamp":"2025-08-03T13:38:46.939Z"}
{"level":"info","message":"Server is running on port 3002","service":"post-service","timestamp":"2025-08-03T13:38:47.308Z"}
{"level":"info","message":"Database connected successfully","service":"post-service","timestamp":"2025-08-03T13:38:51.067Z"}
{"level":"info","message":"Server is running on port 3002","service":"post-service","timestamp":"2025-08-03T13:39:08.460Z"}
{"level":"info","message":"Database connected successfully","service":"post-service","timestamp":"2025-08-03T13:39:13.207Z"}
{"level":"info","message":"Server is running on port 3002","service":"post-service","timestamp":"2025-08-03T13:39:23.722Z"}
{"level":"info","message":"Database connected successfully","service":"post-service","timestamp":"2025-08-03T13:39:27.522Z"}
{"level":"info","message":"Server is running on port 3002","service":"post-service","timestamp":"2025-08-03T13:42:50.705Z"}
{"level":"info","message":"Server is running on port 3002","service":"post-service","timestamp":"2025-08-03T13:42:55.060Z"}
{"level":"info","message":"Database connected successfully","service":"post-service","timestamp":"2025-08-03T13:42:58.668Z"}
{"level":"info","message":"Server is running on port 3002","service":"post-service","timestamp":"2025-08-03T13:43:36.286Z"}
{"level":"info","message":"Database connected successfully","service":"post-service","timestamp":"2025-08-03T13:43:40.404Z"}
{"level":"info","message":"Server is running on port 3002","service":"post-service","timestamp":"2025-08-03T13:43:52.608Z"}
{"level":"info","message":"Database connected successfully","service":"post-service","timestamp":"2025-08-03T13:43:56.437Z"}
{"level":"info","message":"Server is running on port 3002","service":"post-service","timestamp":"2025-08-03T13:43:58.479Z"}
{"level":"info","message":"Database connected successfully","service":"post-service","timestamp":"2025-08-03T13:44:03.160Z"}
{"level":"info","message":"Hitting creating a new post endpoint","service":"post-service","timestamp":"2025-08-03T13:44:06.980Z"}
{"0":"\"","1":"m","10":"]","11":".","12":"m","13":"e","14":"d","15":"i","16":"a","17":"t","18":"y","19":"p","2":"e","20":"e","21":"\"","22":" ","23":"i","24":"s","25":" ","26":"n","27":"o","28":"t","29":" ","3":"d","30":"a","31":"l","32":"l","33":"o","34":"w","35":"e","36":"d","4":"i","5":"a","6":"I","7":"d","8":"[","9":"0","level":"error","message":"Validation error:","service":"post-service","timestamp":"2025-08-03T13:44:06.985Z"}
{"level":"info","message":"Server is running on port 3002","service":"post-service","timestamp":"2025-08-03T13:44:30.361Z"}
{"level":"info","message":"Database connected successfully","service":"post-service","timestamp":"2025-08-03T13:44:33.877Z"}
{"level":"info","message":"Server is running on port 3002","service":"post-service","timestamp":"2025-08-03T13:44:37.036Z"}
{"level":"info","message":"Database connected successfully","service":"post-service","timestamp":"2025-08-03T13:44:40.544Z"}
{"level":"info","message":"Hitting creating a new post endpoint","service":"post-service","timestamp":"2025-08-03T13:44:41.719Z"}
{"level":"info","message":"Post created successfully...","service":"post-service","timestamp":"2025-08-03T13:44:42.083Z"}
{"level":"info","message":"Server is running on port 3002","service":"post-service","timestamp":"2025-08-03T13:47:50.497Z"}
{"level":"info","message":"Database connected successfully","service":"post-service","timestamp":"2025-08-03T13:47:56.021Z"}
{"level":"info","message":"Server is running on port 3002","service":"post-service","timestamp":"2025-08-03T13:47:57.593Z"}
{"level":"info","message":"Database connected successfully","service":"post-service","timestamp":"2025-08-03T13:48:01.371Z"}
{"level":"info","message":"Hitting creating a new post endpoint","service":"post-service","timestamp":"2025-08-03T13:48:11.543Z"}
{"level":"info","message":"Post created successfully...","service":"post-service","timestamp":"2025-08-03T13:48:11.904Z"}
{"level":"info","message":"Server is running on port 3002","service":"post-service","timestamp":"2025-08-03T13:49:02.528Z"}
{"level":"info","message":"Database connected successfully","service":"post-service","timestamp":"2025-08-03T13:49:06.145Z"}
{"level":"info","message":"Hitting creating a new post endpoint","service":"post-service","timestamp":"2025-08-03T13:49:12.231Z"}
{"level":"info","message":"Post created successfully...","service":"post-service","timestamp":"2025-08-03T13:49:12.585Z"}
{"level":"info","message":"Server is running on port 3002","service":"post-service","timestamp":"2025-08-03T13:51:05.504Z"}
{"level":"info","message":"Server is running on port 3002","service":"post-service","timestamp":"2025-08-03T13:51:07.263Z"}
{"level":"info","message":"Database connected successfully","service":"post-service","timestamp":"2025-08-03T13:51:10.911Z"}
{"level":"info","message":"Server is running on port 3002","service":"post-service","timestamp":"2025-08-03T13:51:17.730Z"}
{"level":"info","message":"Hitting creating a new post endpoint","service":"post-service","timestamp":"2025-08-03T13:51:18.082Z"}
{"level":"info","message":"Database connected successfully","service":"post-service","timestamp":"2025-08-03T13:51:21.458Z"}
{"level":"info","message":"Post created successfully...","service":"post-service","timestamp":"2025-08-03T13:51:21.796Z"}
{"level":"info","message":"Server is running on port 3002","service":"post-service","timestamp":"2025-08-03T13:51:52.819Z"}
{"level":"info","message":"Database connected successfully","service":"post-service","timestamp":"2025-08-03T13:51:56.324Z"}
{"level":"info","message":"Server is running on port 3002","service":"post-service","timestamp":"2025-08-03T13:52:11.934Z"}
{"level":"info","message":"Database connected successfully","service":"post-service","timestamp":"2025-08-03T13:52:15.507Z"}
{"level":"info","message":"Server is running on port 3002","service":"post-service","timestamp":"2025-08-03T13:52:16.671Z"}
{"level":"info","message":"Server is running on port 3002","service":"post-service","timestamp":"2025-08-03T13:52:18.468Z"}
{"level":"info","message":"Server is running on port 3002","service":"post-service","timestamp":"2025-08-03T13:52:22.381Z"}
{"level":"info","message":"Database connected successfully","service":"post-service","timestamp":"2025-08-03T13:52:25.915Z"}
{"level":"info","message":"Server is running on port 3002","service":"post-service","timestamp":"2025-08-03T13:52:34.867Z"}
{"level":"info","message":"Database connected successfully","service":"post-service","timestamp":"2025-08-03T13:52:38.362Z"}
{"level":"info","message":"Server is running on port 3002","service":"post-service","timestamp":"2025-08-03T13:52:39.973Z"}
{"level":"info","message":"Database connected successfully","service":"post-service","timestamp":"2025-08-03T13:52:43.680Z"}
{"level":"info","message":"Hitting creating a new post endpoint","service":"post-service","timestamp":"2025-08-03T13:52:50.606Z"}
{"0":"\"","1":"v","10":"y","11":"\"","12":" ","13":"i","14":"s","15":" ","16":"n","17":"o","18":"t","19":" ","2":"i","20":"a","21":"l","22":"l","23":"o","24":"w","25":"e","26":"d","3":"s","4":"i","5":"b","6":"i","7":"l","8":"i","9":"t","level":"error","message":"Validation error:","service":"post-service","timestamp":"2025-08-03T13:52:50.613Z"}
{"level":"info","message":"Hitting creating a new post endpoint","service":"post-service","timestamp":"2025-08-03T13:53:07.172Z"}
{"level":"info","message":"Post created successfully...","service":"post-service","timestamp":"2025-08-03T13:53:07.527Z"}
{"level":"info","message":"Server is running on port 3002","service":"post-service","timestamp":"2025-08-03T13:54:24.456Z"}
{"level":"info","message":"Database connected successfully","service":"post-service","timestamp":"2025-08-03T13:54:29.686Z"}
{"level":"info","message":"Server is running on port 3002","service":"post-service","timestamp":"2025-08-16T07:38:54.888Z"}
{"level":"info","message":"Database connected successfully","service":"post-service","timestamp":"2025-08-16T07:38:59.162Z"}
{"level":"info","message":"Server is running on port 3002","service":"post-service","timestamp":"2025-08-16T07:58:20.911Z"}
{"level":"info","message":"Database connected successfully","service":"post-service","timestamp":"2025-08-16T07:58:24.887Z"}
{"level":"info","message":"Server is running on port 3002","service":"post-service","timestamp":"2025-08-16T07:59:43.331Z"}
{"level":"info","message":"Database connected successfully","service":"post-service","timestamp":"2025-08-16T07:59:47.228Z"}
{"level":"info","message":"Server is running on port 3002","service":"post-service","timestamp":"2025-08-16T08:00:01.343Z"}
{"level":"info","message":"Database connected successfully","service":"post-service","timestamp":"2025-08-16T08:00:04.976Z"}
{"level":"info","message":"Server is running on port 3002","service":"post-service","timestamp":"2025-08-16T08:00:09.903Z"}
{"level":"info","message":"Database connected successfully","service":"post-service","timestamp":"2025-08-16T08:00:13.298Z"}
{"level":"info","message":"Server is running on port 3002","service":"post-service","timestamp":"2025-08-16T08:00:14.535Z"}
{"level":"info","message":"Database connected successfully","service":"post-service","timestamp":"2025-08-16T08:00:18.210Z"}
{"level":"info","message":"Server is running on port 3002","service":"post-service","timestamp":"2025-08-16T08:00:53.193Z"}
{"level":"info","message":"Database connected successfully","service":"post-service","timestamp":"2025-08-16T08:00:56.731Z"}
{"level":"info","message":"Server is running on port 3002","service":"post-service","timestamp":"2025-08-16T08:00:58.935Z"}
{"level":"info","message":"Database connected successfully","service":"post-service","timestamp":"2025-08-16T08:01:02.531Z"}
{"level":"info","message":"Server is running on port 3002","service":"post-service","timestamp":"2025-08-16T08:01:48.349Z"}
{"level":"info","message":"Database connected successfully","service":"post-service","timestamp":"2025-08-16T08:01:52.404Z"}
{"level":"info","message":"Server is running on port 3002","service":"post-service","timestamp":"2025-08-16T08:02:17.352Z"}
{"level":"info","message":"Database connected successfully","service":"post-service","timestamp":"2025-08-16T08:02:21.970Z"}
{"level":"info","message":"Server is running on port 3002","service":"post-service","timestamp":"2025-08-16T08:02:23.350Z"}
{"level":"info","message":"Database connected successfully","service":"post-service","timestamp":"2025-08-16T08:02:26.818Z"}
{"level":"info","message":"Server is running on port 3002","service":"post-service","timestamp":"2025-08-16T08:02:32.179Z"}
{"level":"info","message":"Server is running on port 3002","service":"post-service","timestamp":"2025-08-16T08:02:34.379Z"}
{"level":"info","message":"Database connected successfully","service":"post-service","timestamp":"2025-08-16T08:02:38.184Z"}
{"level":"info","message":"Server is running on port 3002","service":"post-service","timestamp":"2025-08-16T08:02:43.559Z"}
{"level":"info","message":"Database connected successfully","service":"post-service","timestamp":"2025-08-16T08:02:47.609Z"}
{"level":"info","message":"Server is running on port 3002","service":"post-service","timestamp":"2025-08-16T08:02:47.987Z"}
{"level":"info","message":"Database connected successfully","service":"post-service","timestamp":"2025-08-16T08:02:51.589Z"}
{"level":"info","message":"Server is running on port 3002","service":"post-service","timestamp":"2025-08-16T08:02:58.515Z"}
{"level":"info","message":"Database connected successfully","service":"post-service","timestamp":"2025-08-16T08:03:02.066Z"}
{"level":"info","message":"Server is running on port 3002","service":"post-service","timestamp":"2025-08-16T08:03:20.149Z"}
{"level":"info","message":"Database connected successfully","service":"post-service","timestamp":"2025-08-16T08:03:23.819Z"}
{"level":"info","message":"Server is running on port 3002","service":"post-service","timestamp":"2025-08-16T08:03:25.629Z"}
{"level":"info","message":"Database connected successfully","service":"post-service","timestamp":"2025-08-16T08:03:29.350Z"}
{"level":"info","message":"Server is running on port 3002","service":"post-service","timestamp":"2025-08-16T08:03:42.909Z"}
{"level":"info","message":"Database connected successfully","service":"post-service","timestamp":"2025-08-16T08:03:46.760Z"}
{"level":"info","message":"Server is running on port 3002","service":"post-service","timestamp":"2025-08-16T08:04:17.262Z"}
{"level":"info","message":"Database connected successfully","service":"post-service","timestamp":"2025-08-16T08:04:21.765Z"}
{"level":"info","message":"Server is running on port 3002","service":"post-service","timestamp":"2025-08-16T08:04:24.736Z"}
{"level":"info","message":"Database connected successfully","service":"post-service","timestamp":"2025-08-16T08:04:28.474Z"}
{"level":"info","message":"Server is running on port 3002","service":"post-service","timestamp":"2025-08-16T08:04:32.230Z"}
{"level":"info","message":"Database connected successfully","service":"post-service","timestamp":"2025-08-16T08:04:35.935Z"}
{"level":"info","message":"Server is running on port 3002","service":"post-service","timestamp":"2025-08-16T08:04:53.464Z"}
{"level":"info","message":"Database connected successfully","service":"post-service","timestamp":"2025-08-16T08:04:57.148Z"}
{"level":"info","message":"Server is running on port 3002","service":"post-service","timestamp":"2025-08-16T08:05:31.085Z"}
{"level":"info","message":"Database connected successfully","service":"post-service","timestamp":"2025-08-16T08:05:35.663Z"}
{"level":"info","message":"Server is running on port 3002","service":"post-service","timestamp":"2025-08-16T08:05:38.272Z"}
{"level":"info","message":"Database connected successfully","service":"post-service","timestamp":"2025-08-16T08:05:41.857Z"}
{"level":"info","message":"Server is running on port 3002","service":"post-service","timestamp":"2025-08-16T08:05:43.354Z"}
{"level":"info","message":"Database connected successfully","service":"post-service","timestamp":"2025-08-16T08:05:46.954Z"}
{"level":"info","message":"Server is running on port 3002","service":"post-service","timestamp":"2025-08-16T08:06:03.699Z"}
{"level":"info","message":"Database connected successfully","service":"post-service","timestamp":"2025-08-16T08:06:07.229Z"}
{"level":"info","message":"Server is running on port 3002","service":"post-service","timestamp":"2025-08-16T08:06:17.959Z"}
{"level":"info","message":"Database connected successfully","service":"post-service","timestamp":"2025-08-16T08:06:21.526Z"}
{"level":"info","message":"Server is running on port 3002","service":"post-service","timestamp":"2025-08-16T08:06:24.487Z"}
{"level":"info","message":"Database connected successfully","service":"post-service","timestamp":"2025-08-16T08:06:27.926Z"}
{"level":"info","message":"Server is running on port 3002","service":"post-service","timestamp":"2025-08-16T08:06:37.400Z"}
{"level":"info","message":"Database connected successfully","service":"post-service","timestamp":"2025-08-16T08:06:41.045Z"}
{"level":"info","message":"Server is running on port 3002","service":"post-service","timestamp":"2025-08-16T08:06:41.493Z"}
{"level":"info","message":"Database connected successfully","service":"post-service","timestamp":"2025-08-16T08:06:45.184Z"}
{"level":"info","message":"Server is running on port 3002","service":"post-service","timestamp":"2025-08-16T08:07:09.005Z"}
{"level":"info","message":"Server is running on port 3002","service":"post-service","timestamp":"2025-08-16T08:07:10.142Z"}
{"level":"info","message":"Database connected successfully","service":"post-service","timestamp":"2025-08-16T08:07:13.853Z"}
{"level":"info","message":"Database connected successfully","service":"post-service","timestamp":"2025-08-16T08:07:19.664Z"}
{"level":"info","message":"Database connected successfully","service":"post-service","timestamp":"2025-08-16T08:07:44.123Z"}
{"level":"info","message":"Connected to rabbitMQ","service":"post-service","timestamp":"2025-08-16T08:08:04.109Z"}
{"level":"info","message":"Server is running on port 3002","service":"post-service","timestamp":"2025-08-16T08:08:04.110Z"}
{"level":"info","message":"Database connected successfully","service":"post-service","timestamp":"2025-08-16T08:08:07.668Z"}
{"level":"info","message":"Connected to rabbitMQ","service":"post-service","timestamp":"2025-08-16T08:08:53.400Z"}
{"level":"info","message":"Server is running on port 3002","service":"post-service","timestamp":"2025-08-16T08:08:53.402Z"}
{"level":"info","message":"Database connected successfully","service":"post-service","timestamp":"2025-08-16T08:08:58.482Z"}
{"level":"info","message":"Connected to rabbitMQ","service":"post-service","timestamp":"2025-08-16T08:25:03.672Z"}
{"level":"info","message":"Server is running on port 3002","service":"post-service","timestamp":"2025-08-16T08:25:03.674Z"}
{"level":"info","message":"Database connected successfully","service":"post-service","timestamp":"2025-08-16T08:25:07.645Z"}
{"level":"info","message":"Connected to rabbitMQ","service":"post-service","timestamp":"2025-08-16T08:25:17.489Z"}
{"level":"info","message":"Server is running on port 3002","service":"post-service","timestamp":"2025-08-16T08:25:17.491Z"}
{"level":"info","message":"Database connected successfully","service":"post-service","timestamp":"2025-08-16T08:25:21.265Z"}
{"level":"info","message":"Connected to rabbitMQ","service":"post-service","timestamp":"2025-08-16T08:25:23.226Z"}
{"level":"info","message":"Server is running on port 3002","service":"post-service","timestamp":"2025-08-16T08:25:23.228Z"}
{"level":"info","message":"Database connected successfully","service":"post-service","timestamp":"2025-08-16T08:25:26.711Z"}
{"level":"info","message":"Connected to rabbitMQ","service":"post-service","timestamp":"2025-08-16T08:25:35.649Z"}
{"level":"info","message":"Server is running on port 3002","service":"post-service","timestamp":"2025-08-16T08:25:35.651Z"}
{"level":"info","message":"Database connected successfully","service":"post-service","timestamp":"2025-08-16T08:25:39.250Z"}
{"level":"info","message":"Connected to rabbitMQ","service":"post-service","timestamp":"2025-08-16T08:26:11.307Z"}
{"level":"info","message":"Server is running on port 3002","service":"post-service","timestamp":"2025-08-16T08:26:11.309Z"}
{"level":"info","message":"Database connected successfully","service":"post-service","timestamp":"2025-08-16T08:26:14.893Z"}
{"level":"info","message":"Connected to rabbitMQ","service":"post-service","timestamp":"2025-08-16T08:26:16.389Z"}
{"level":"info","message":"Server is running on port 3002","service":"post-service","timestamp":"2025-08-16T08:26:16.390Z"}
{"level":"info","message":"Database connected successfully","service":"post-service","timestamp":"2025-08-16T08:26:19.888Z"}
{"level":"info","message":"Connected to rabbitMQ","service":"post-service","timestamp":"2025-08-16T08:26:39.234Z"}
{"level":"info","message":"Server is running on port 3002","service":"post-service","timestamp":"2025-08-16T08:26:39.236Z"}
{"level":"info","message":"Database connected successfully","service":"post-service","timestamp":"2025-08-16T08:26:42.961Z"}
{"level":"info","message":"Connected to rabbitMQ","service":"post-service","timestamp":"2025-08-16T08:26:43.831Z"}
{"level":"info","message":"Server is running on port 3002","service":"post-service","timestamp":"2025-08-16T08:26:43.832Z"}
{"level":"info","message":"Connected to rabbitMQ","service":"post-service","timestamp":"2025-08-16T08:26:45.252Z"}
{"level":"info","message":"Server is running on port 3002","service":"post-service","timestamp":"2025-08-16T08:26:45.254Z"}
{"level":"info","message":"Database connected successfully","service":"post-service","timestamp":"2025-08-16T08:26:48.655Z"}
{"level":"info","message":"Connected to rabbitMQ","service":"post-service","timestamp":"2025-08-16T08:26:51.803Z"}
{"level":"info","message":"Server is running on port 3002","service":"post-service","timestamp":"2025-08-16T08:26:51.805Z"}
{"level":"info","message":"Database connected successfully","service":"post-service","timestamp":"2025-08-16T08:26:55.290Z"}
{"level":"info","message":"Connected to rabbitMQ","service":"post-service","timestamp":"2025-08-16T08:27:05.412Z"}
{"level":"info","message":"Server is running on port 3002","service":"post-service","timestamp":"2025-08-16T08:27:05.414Z"}
{"level":"info","message":"Database connected successfully","service":"post-service","timestamp":"2025-08-16T08:27:08.852Z"}
{"level":"info","message":"Connected to rabbitMQ","service":"post-service","timestamp":"2025-08-16T08:27:16.840Z"}
{"level":"info","message":"Server is running on port 3002","service":"post-service","timestamp":"2025-08-16T08:27:16.842Z"}
{"level":"info","message":"Database connected successfully","service":"post-service","timestamp":"2025-08-16T08:27:20.354Z"}
{"level":"info","message":"Connected to rabbitMQ","service":"post-service","timestamp":"2025-08-16T08:27:34.195Z"}
{"level":"info","message":"Server is running on port 3002","service":"post-service","timestamp":"2025-08-16T08:27:34.197Z"}
{"level":"info","message":"Database connected successfully","service":"post-service","timestamp":"2025-08-16T08:27:38.020Z"}
{"level":"info","message":"Connected to rabbitMQ","service":"post-service","timestamp":"2025-08-16T08:27:56.966Z"}
{"level":"info","message":"Server is running on port 3002","service":"post-service","timestamp":"2025-08-16T08:27:56.968Z"}
{"level":"info","message":"Database connected successfully","service":"post-service","timestamp":"2025-08-16T08:28:00.651Z"}
{"level":"info","message":"Connected to rabbitMQ","service":"post-service","timestamp":"2025-08-16T08:28:51.010Z"}
{"level":"info","message":"Server is running on port 3002","service":"post-service","timestamp":"2025-08-16T08:28:51.012Z"}
{"level":"info","message":"Database connected successfully","service":"post-service","timestamp":"2025-08-16T08:28:55.129Z"}
{"level":"info","message":"Connected to rabbitMQ","service":"post-service","timestamp":"2025-08-16T08:28:58.537Z"}
{"level":"info","message":"Server is running on port 3002","service":"post-service","timestamp":"2025-08-16T08:28:58.538Z"}
{"level":"info","message":"Database connected successfully","service":"post-service","timestamp":"2025-08-16T08:29:02.027Z"}
{"level":"info","message":"Connected to rabbitMQ","service":"post-service","timestamp":"2025-08-16T08:29:03.479Z"}
{"level":"info","message":"Server is running on port 3002","service":"post-service","timestamp":"2025-08-16T08:29:03.481Z"}
{"level":"info","message":"Database connected successfully","service":"post-service","timestamp":"2025-08-16T08:29:07.521Z"}
{"level":"info","message":"Connected to rabbitMQ","service":"post-service","timestamp":"2025-08-16T08:29:13.404Z"}
{"level":"info","message":"Server is running on port 3002","service":"post-service","timestamp":"2025-08-16T08:29:13.406Z"}
{"level":"info","message":"Database connected successfully","service":"post-service","timestamp":"2025-08-16T08:29:17.044Z"}
{"level":"info","message":"Connected to rabbitMQ","service":"post-service","timestamp":"2025-08-16T08:29:22.934Z"}
{"level":"info","message":"Server is running on port 3002","service":"post-service","timestamp":"2025-08-16T08:29:22.935Z"}
{"level":"info","message":"Database connected successfully","service":"post-service","timestamp":"2025-08-16T08:29:26.768Z"}
{"level":"info","message":"Connected to rabbitMQ","service":"post-service","timestamp":"2025-08-16T08:29:31.047Z"}
{"level":"info","message":"Server is running on port 3002","service":"post-service","timestamp":"2025-08-16T08:29:31.048Z"}
{"level":"info","message":"Database connected successfully","service":"post-service","timestamp":"2025-08-16T08:29:34.492Z"}
{"level":"info","message":"Connected to rabbitMQ","service":"post-service","timestamp":"2025-08-16T08:29:34.970Z"}
{"level":"info","message":"Server is running on port 3002","service":"post-service","timestamp":"2025-08-16T08:29:34.972Z"}
{"level":"info","message":"Database connected successfully","service":"post-service","timestamp":"2025-08-16T08:29:38.650Z"}
{"level":"info","message":"Connected to rabbitMQ","service":"post-service","timestamp":"2025-08-16T08:29:44.491Z"}
{"level":"info","message":"Server is running on port 3002","service":"post-service","timestamp":"2025-08-16T08:29:44.493Z"}
{"level":"info","message":"Database connected successfully","service":"post-service","timestamp":"2025-08-16T08:29:48.172Z"}
{"level":"info","message":"Hitting get all posts endpoint....","service":"post-service","timestamp":"2025-08-16T08:30:54.219Z"}
{"level":"info","message":"Connected to rabbitMQ","service":"post-service","timestamp":"2025-08-16T08:33:07.792Z"}
{"level":"info","message":"Server is running on port 3002","service":"post-service","timestamp":"2025-08-16T08:33:07.794Z"}
{"level":"info","message":"Database connected successfully","service":"post-service","timestamp":"2025-08-16T08:33:11.759Z"}
{"level":"info","message":"Connected to rabbitMQ","service":"post-service","timestamp":"2025-08-16T08:33:12.971Z"}
{"level":"info","message":"Server is running on port 3002","service":"post-service","timestamp":"2025-08-16T08:33:12.972Z"}
{"level":"info","message":"Database connected successfully","service":"post-service","timestamp":"2025-08-16T08:33:16.655Z"}
{"level":"info","message":"Connected to rabbitMQ","service":"post-service","timestamp":"2025-08-16T08:33:23.389Z"}
{"level":"info","message":"Server is running on port 3002","service":"post-service","timestamp":"2025-08-16T08:33:23.391Z"}
{"level":"info","message":"Database connected successfully","service":"post-service","timestamp":"2025-08-16T08:33:27.000Z"}
{"level":"info","message":"Connected to rabbitMQ","service":"post-service","timestamp":"2025-08-16T08:33:27.918Z"}
{"level":"info","message":"Server is running on port 3002","service":"post-service","timestamp":"2025-08-16T08:33:27.920Z"}
{"level":"info","message":"Database connected successfully","service":"post-service","timestamp":"2025-08-16T08:33:31.485Z"}
{"level":"info","message":"Connected to rabbitMQ","service":"post-service","timestamp":"2025-08-16T08:34:12.311Z"}
{"level":"info","message":"Server is running on port 3002","service":"post-service","timestamp":"2025-08-16T08:34:12.313Z"}
{"level":"info","message":"Database connected successfully","service":"post-service","timestamp":"2025-08-16T08:34:16.031Z"}
{"level":"info","message":"Connected to rabbitMQ","service":"post-service","timestamp":"2025-08-16T08:35:19.486Z"}
{"level":"info","message":"Server is running on port 3002","service":"post-service","timestamp":"2025-08-16T08:35:19.488Z"}
{"level":"info","message":"Database connected successfully","service":"post-service","timestamp":"2025-08-16T08:35:23.328Z"}
{"level":"info","message":"Connected to rabbitMQ","service":"post-service","timestamp":"2025-08-16T08:35:53.959Z"}
{"level":"info","message":"Server is running on port 3002","service":"post-service","timestamp":"2025-08-16T08:35:53.961Z"}
{"level":"info","message":"Database connected successfully","service":"post-service","timestamp":"2025-08-16T08:35:57.483Z"}
{"level":"info","message":"Connected to rabbitMQ","service":"post-service","timestamp":"2025-08-16T08:36:03.402Z"}
{"level":"info","message":"Server is running on port 3002","service":"post-service","timestamp":"2025-08-16T08:36:03.404Z"}
{"level":"info","message":"Database connected successfully","service":"post-service","timestamp":"2025-08-16T08:36:06.851Z"}
{"level":"info","message":"Connected to rabbitMQ","service":"post-service","timestamp":"2025-08-16T08:36:14.179Z"}
{"level":"info","message":"Server is running on port 3002","service":"post-service","timestamp":"2025-08-16T08:36:14.181Z"}
{"level":"info","message":"Database connected successfully","service":"post-service","timestamp":"2025-08-16T08:36:17.583Z"}
{"level":"info","message":"Connected to rabbitMQ","service":"post-service","timestamp":"2025-08-16T08:37:34.160Z"}
{"level":"info","message":"Server is running on port 3002","service":"post-service","timestamp":"2025-08-16T08:37:34.161Z"}
{"level":"info","message":"Database connected successfully","service":"post-service","timestamp":"2025-08-16T08:37:38.404Z"}
{"level":"info","message":"Connected to rabbitMQ","service":"post-service","timestamp":"2025-08-16T08:37:45.071Z"}
{"level":"info","message":"Server is running on port 3002","service":"post-service","timestamp":"2025-08-16T08:37:45.073Z"}
{"level":"info","message":"Database connected successfully","service":"post-service","timestamp":"2025-08-16T08:37:48.635Z"}
{"level":"info","message":"Connected to rabbitMQ","service":"post-service","timestamp":"2025-08-16T08:39:05.470Z"}
{"level":"info","message":"Server is running on port 3002","service":"post-service","timestamp":"2025-08-16T08:39:05.472Z"}
{"level":"info","message":"Database connected successfully","service":"post-service","timestamp":"2025-08-16T08:39:09.635Z"}
{"level":"info","message":"Connected to rabbitMQ","service":"post-service","timestamp":"2025-08-16T08:42:40.492Z"}
{"level":"info","message":"Server is running on port 3002","service":"post-service","timestamp":"2025-08-16T08:42:40.494Z"}
{"level":"info","message":"Connected to rabbitMQ","service":"post-service","timestamp":"2025-08-16T08:42:45.072Z"}
{"level":"info","message":"Server is running on port 3002","service":"post-service","timestamp":"2025-08-16T08:42:45.074Z"}
{"level":"info","message":"Database connected successfully","service":"post-service","timestamp":"2025-08-16T08:42:48.564Z"}
{"level":"info","message":"Connected to rabbitMQ","service":"post-service","timestamp":"2025-08-16T08:43:01.499Z"}
{"level":"info","message":"Server is running on port 3002","service":"post-service","timestamp":"2025-08-16T08:43:01.500Z"}
{"level":"info","message":"Database connected successfully","service":"post-service","timestamp":"2025-08-16T08:43:05.314Z"}
{"level":"info","message":"Connected to rabbitMQ","service":"post-service","timestamp":"2025-08-16T08:43:12.015Z"}
{"level":"info","message":"Server is running on port 3002","service":"post-service","timestamp":"2025-08-16T08:43:12.017Z"}
{"level":"info","message":"Connected to rabbitMQ","service":"post-service","timestamp":"2025-08-16T08:43:14.618Z"}
{"level":"info","message":"Server is running on port 3002","service":"post-service","timestamp":"2025-08-16T08:43:14.620Z"}
{"level":"info","message":"Database connected successfully","service":"post-service","timestamp":"2025-08-16T08:43:18.241Z"}
{"level":"info","message":"Connected to rabbitMQ","service":"post-service","timestamp":"2025-08-16T08:43:21.052Z"}
{"level":"info","message":"Server is running on port 3002","service":"post-service","timestamp":"2025-08-16T08:43:21.053Z"}
{"level":"info","message":"Connected to rabbitMQ","service":"post-service","timestamp":"2025-08-16T08:43:23.492Z"}
{"level":"info","message":"Server is running on port 3002","service":"post-service","timestamp":"2025-08-16T08:43:23.494Z"}
{"level":"info","message":"Connected to rabbitMQ","service":"post-service","timestamp":"2025-08-16T08:43:26.170Z"}
{"level":"info","message":"Server is running on port 3002","service":"post-service","timestamp":"2025-08-16T08:43:26.171Z"}
{"level":"info","message":"Database connected successfully","service":"post-service","timestamp":"2025-08-16T08:43:29.634Z"}
{"level":"info","message":"Connected to rabbitMQ","service":"post-service","timestamp":"2025-08-16T08:47:15.564Z"}
{"level":"info","message":"Server is running on port 3002","service":"post-service","timestamp":"2025-08-16T08:47:15.566Z"}
{"level":"info","message":"Database connected successfully","service":"post-service","timestamp":"2025-08-16T08:47:19.729Z"}
{"level":"info","message":"Connected to rabbitMQ","service":"post-service","timestamp":"2025-08-16T08:48:06.928Z"}
{"level":"info","message":"Server is running on port 3002","service":"post-service","timestamp":"2025-08-16T08:48:06.930Z"}
{"level":"info","message":"Database connected successfully","service":"post-service","timestamp":"2025-08-16T08:48:10.636Z"}
{"level":"info","message":"Connected to rabbitMQ","service":"post-service","timestamp":"2025-08-16T08:48:12.100Z"}
{"level":"info","message":"Server is running on port 3002","service":"post-service","timestamp":"2025-08-16T08:48:12.101Z"}
{"level":"info","message":"Database connected successfully","service":"post-service","timestamp":"2025-08-16T08:48:15.632Z"}
{"level":"info","message":"Connected to rabbitMQ","service":"post-service","timestamp":"2025-08-16T08:48:16.607Z"}
{"level":"info","message":"Server is running on port 3002","service":"post-service","timestamp":"2025-08-16T08:48:16.608Z"}
{"level":"info","message":"Database connected successfully","service":"post-service","timestamp":"2025-08-16T08:48:20.461Z"}
{"level":"info","message":"Hitting creating a new post endpoint","service":"post-service","timestamp":"2025-08-16T08:49:57.306Z"}
{"level":"info","message":"Post created successfully...","service":"post-service","timestamp":"2025-08-16T08:49:57.658Z"}
{"level":"info","message":"Hitting get all posts endpoint....","service":"post-service","timestamp":"2025-08-16T08:54:09.392Z"}
{"level":"info","message":"Connected to rabbitMQ","service":"post-service","timestamp":"2025-08-16T08:54:31.958Z"}
{"level":"info","message":"Server is running on port 3002","service":"post-service","timestamp":"2025-08-16T08:54:31.959Z"}
{"level":"info","message":"Database connected successfully","service":"post-service","timestamp":"2025-08-16T08:54:35.434Z"}
{"level":"info","message":"Connected to rabbitMQ","service":"post-service","timestamp":"2025-08-16T08:55:08.431Z"}
{"level":"info","message":"Server is running on port 3002","service":"post-service","timestamp":"2025-08-16T08:55:08.432Z"}
{"level":"info","message":"Database connected successfully","service":"post-service","timestamp":"2025-08-16T08:55:12.136Z"}
{"level":"info","message":"Connected to rabbitMQ","service":"post-service","timestamp":"2025-08-16T08:55:13.064Z"}
{"level":"info","message":"Server is running on port 3002","service":"post-service","timestamp":"2025-08-16T08:55:13.066Z"}
{"level":"info","message":"Database connected successfully","service":"post-service","timestamp":"2025-08-16T08:55:16.404Z"}
{"level":"info","message":"Connected to rabbitMQ","service":"post-service","timestamp":"2025-08-16T08:55:43.699Z"}
{"level":"info","message":"Server is running on port 3002","service":"post-service","timestamp":"2025-08-16T08:55:43.701Z"}
{"level":"info","message":"Database connected successfully","service":"post-service","timestamp":"2025-08-16T08:55:47.675Z"}
{"level":"info","message":"Connected to rabbitMQ","service":"post-service","timestamp":"2025-08-16T08:56:05.714Z"}
{"level":"info","message":"Server is running on port 3002","service":"post-service","timestamp":"2025-08-16T08:56:05.715Z"}
{"level":"info","message":"Connected to rabbitMQ","service":"post-service","timestamp":"2025-08-16T08:56:07.937Z"}
{"level":"info","message":"Server is running on port 3002","service":"post-service","timestamp":"2025-08-16T08:56:07.938Z"}
{"level":"info","message":"Database connected successfully","service":"post-service","timestamp":"2025-08-16T08:56:11.559Z"}
{"level":"info","message":"Connected to rabbitMQ","service":"post-service","timestamp":"2025-08-16T08:56:13.696Z"}
{"level":"info","message":"Server is running on port 3002","service":"post-service","timestamp":"2025-08-16T08:56:13.697Z"}
{"level":"info","message":"Database connected successfully","service":"post-service","timestamp":"2025-08-16T08:56:17.126Z"}
{"level":"info","message":"Connected to rabbitMQ","service":"post-service","timestamp":"2025-08-16T08:56:17.593Z"}
{"level":"info","message":"Server is running on port 3002","service":"post-service","timestamp":"2025-08-16T08:56:17.595Z"}
{"level":"info","message":"Database connected successfully","service":"post-service","timestamp":"2025-08-16T08:56:21.011Z"}
{"level":"info","message":"Connected to rabbitMQ","service":"post-service","timestamp":"2025-08-16T08:56:27.435Z"}
{"level":"info","message":"Server is running on port 3002","service":"post-service","timestamp":"2025-08-16T08:56:27.437Z"}
{"level":"info","message":"Database connected successfully","service":"post-service","timestamp":"2025-08-16T08:56:30.997Z"}
{"level":"info","message":"Connected to rabbitMQ","service":"post-service","timestamp":"2025-08-16T08:56:42.521Z"}
{"level":"info","message":"Server is running on port 3002","service":"post-service","timestamp":"2025-08-16T08:56:42.523Z"}
{"level":"info","message":"Database connected successfully","service":"post-service","timestamp":"2025-08-16T08:56:46.041Z"}
{"level":"info","message":"Connected to rabbitMQ","service":"post-service","timestamp":"2025-08-16T08:56:48.688Z"}
{"level":"info","message":"Server is running on port 3002","service":"post-service","timestamp":"2025-08-16T08:56:48.689Z"}
{"level":"info","message":"Database connected successfully","service":"post-service","timestamp":"2025-08-16T08:56:52.282Z"}
{"level":"info","message":"Connected to rabbitMQ","service":"post-service","timestamp":"2025-08-16T08:56:54.225Z"}
{"level":"info","message":"Server is running on port 3002","service":"post-service","timestamp":"2025-08-16T08:56:54.226Z"}
{"level":"info","message":"Database connected successfully","service":"post-service","timestamp":"2025-08-16T08:56:57.495Z"}
{"level":"info","message":"Connected to rabbitMQ","service":"post-service","timestamp":"2025-08-16T08:56:58.382Z"}
{"level":"info","message":"Server is running on port 3002","service":"post-service","timestamp":"2025-08-16T08:56:58.384Z"}
{"level":"info","message":"Database connected successfully","service":"post-service","timestamp":"2025-08-16T08:57:01.870Z"}
{"level":"info","message":"Connected to rabbitMQ","service":"post-service","timestamp":"2025-08-16T08:57:37.689Z"}
{"level":"info","message":"Server is running on port 3002","service":"post-service","timestamp":"2025-08-16T08:57:37.691Z"}
{"level":"info","message":"Database connected successfully","service":"post-service","timestamp":"2025-08-16T08:57:41.397Z"}
{"level":"info","message":"Connected to rabbitMQ","service":"post-service","timestamp":"2025-08-16T08:57:42.996Z"}
{"level":"info","message":"Server is running on port 3002","service":"post-service","timestamp":"2025-08-16T08:57:42.998Z"}
{"level":"info","message":"Database connected successfully","service":"post-service","timestamp":"2025-08-16T08:57:46.780Z"}
{"level":"info","message":"Connected to rabbitMQ","service":"post-service","timestamp":"2025-08-16T08:59:50.841Z"}
{"level":"info","message":"Server is running on port 3002","service":"post-service","timestamp":"2025-08-16T08:59:50.843Z"}
{"level":"info","message":"Database connected successfully","service":"post-service","timestamp":"2025-08-16T08:59:54.876Z"}
{"level":"info","message":"Connected to rabbitMQ","service":"post-service","timestamp":"2025-08-16T09:35:00.137Z"}
{"level":"info","message":"Server is running on port 3002","service":"post-service","timestamp":"2025-08-16T09:35:00.139Z"}
{"level":"info","message":"Database connected successfully","service":"post-service","timestamp":"2025-08-16T09:35:04.179Z"}
{"level":"info","message":"Connected to rabbitMQ","service":"post-service","timestamp":"2025-08-16T09:35:05.488Z"}
{"level":"info","message":"Server is running on port 3002","service":"post-service","timestamp":"2025-08-16T09:35:05.489Z"}
{"level":"info","message":"Database connected successfully","service":"post-service","timestamp":"2025-08-16T09:35:09.003Z"}
{"level":"info","message":"Hitting delete post endpoint ....","service":"post-service","timestamp":"2025-08-16T09:36:05.310Z"}
{"level":"info","message":"Connected to rabbitMQ","service":"post-service","timestamp":"2025-08-16T09:36:50.684Z"}
{"level":"info","message":"Server is running on port 3002","service":"post-service","timestamp":"2025-08-16T09:36:50.686Z"}
{"level":"info","message":"Hitting delete post endpoint ....","service":"post-service","timestamp":"2025-08-16T09:36:52.722Z"}
{"level":"info","message":"Database connected successfully","service":"post-service","timestamp":"2025-08-16T09:36:55.218Z"}
{"level":"info","message":"Connected to rabbitMQ","service":"post-service","timestamp":"2025-08-16T09:37:31.080Z"}
{"level":"info","message":"Server is running on port 3002","service":"post-service","timestamp":"2025-08-16T09:37:31.082Z"}
{"level":"info","message":"Database connected successfully","service":"post-service","timestamp":"2025-08-16T09:37:34.605Z"}
{"level":"info","message":"Connected to rabbitMQ","service":"post-service","timestamp":"2025-08-16T09:37:35.887Z"}
{"level":"info","message":"Server is running on port 3002","service":"post-service","timestamp":"2025-08-16T09:37:35.889Z"}
{"level":"info","message":"Database connected successfully","service":"post-service","timestamp":"2025-08-16T09:37:39.553Z"}
{"level":"info","message":"Connected to rabbitMQ","service":"post-service","timestamp":"2025-08-16T09:37:46.170Z"}
{"level":"info","message":"Server is running on port 3002","service":"post-service","timestamp":"2025-08-16T09:37:46.172Z"}
{"level":"info","message":"Database connected successfully","service":"post-service","timestamp":"2025-08-16T09:37:49.625Z"}
{"level":"info","message":"Hitting delete post endpoint ....","service":"post-service","timestamp":"2025-08-16T09:37:54.439Z"}
{"level":"info","message":"Connected to rabbitMQ","service":"post-service","timestamp":"2025-08-16T09:38:28.661Z"}
{"level":"info","message":"Server is running on port 3002","service":"post-service","timestamp":"2025-08-16T09:38:28.663Z"}
{"level":"info","message":"Database connected successfully","service":"post-service","timestamp":"2025-08-16T09:38:33.214Z"}
{"level":"info","message":"Connected to rabbitMQ","service":"post-service","timestamp":"2025-08-16T09:38:34.412Z"}
{"level":"info","message":"Server is running on port 3002","service":"post-service","timestamp":"2025-08-16T09:38:34.414Z"}
{"level":"info","message":"Database connected successfully","service":"post-service","timestamp":"2025-08-16T09:38:37.948Z"}
{"level":"info","message":"Connected to rabbitMQ","service":"post-service","timestamp":"2025-08-16T09:38:54.392Z"}
{"level":"info","message":"Server is running on port 3002","service":"post-service","timestamp":"2025-08-16T09:38:54.393Z"}
{"level":"info","message":"Connected to rabbitMQ","service":"post-service","timestamp":"2025-08-16T09:38:57.461Z"}
{"level":"info","message":"Server is running on port 3002","service":"post-service","timestamp":"2025-08-16T09:38:57.463Z"}
{"level":"info","message":"Connected to rabbitMQ","service":"post-service","timestamp":"2025-08-16T09:39:00.780Z"}
{"level":"info","message":"Server is running on port 3002","service":"post-service","timestamp":"2025-08-16T09:39:00.782Z"}
{"level":"info","message":"Database connected successfully","service":"post-service","timestamp":"2025-08-16T09:39:04.754Z"}
{"level":"info","message":"Connected to rabbitMQ","service":"post-service","timestamp":"2025-08-16T09:39:36.938Z"}
{"level":"info","message":"Server is running on port 3002","service":"post-service","timestamp":"2025-08-16T09:39:36.940Z"}
{"level":"info","message":"Database connected successfully","service":"post-service","timestamp":"2025-08-16T09:39:40.803Z"}
{"level":"info","message":"Connected to rabbitMQ","service":"post-service","timestamp":"2025-08-16T09:39:41.570Z"}
{"level":"info","message":"Server is running on port 3002","service":"post-service","timestamp":"2025-08-16T09:39:41.571Z"}
{"level":"info","message":"Database connected successfully","service":"post-service","timestamp":"2025-08-16T09:39:44.945Z"}
{"level":"info","message":"Hitting delete post endpoint ....","service":"post-service","timestamp":"2025-08-16T09:39:55.763Z"}
{"level":"info","message":"Event published routing key: post.delete","service":"post-service","timestamp":"2025-08-16T09:39:56.100Z"}
{"level":"info","message":"Connected to rabbitMQ","service":"post-service","timestamp":"2025-08-16T09:40:24.881Z"}
{"level":"info","message":"Server is running on port 3002","service":"post-service","timestamp":"2025-08-16T09:40:24.883Z"}
{"level":"info","message":"Database connected successfully","service":"post-service","timestamp":"2025-08-16T09:40:28.725Z"}
{"level":"info","message":"Connected to rabbitMQ","service":"post-service","timestamp":"2025-08-16T09:40:30.413Z"}
{"level":"info","message":"Server is running on port 3002","service":"post-service","timestamp":"2025-08-16T09:40:30.415Z"}
{"level":"info","message":"Database connected successfully","service":"post-service","timestamp":"2025-08-16T09:40:34.356Z"}
{"level":"info","message":"Connected to rabbitMQ","service":"post-service","timestamp":"2025-08-16T09:40:46.071Z"}
{"level":"info","message":"Server is running on port 3002","service":"post-service","timestamp":"2025-08-16T09:40:46.073Z"}
{"level":"info","message":"Connected to rabbitMQ","service":"post-service","timestamp":"2025-08-16T09:40:59.935Z"}
{"level":"info","message":"Server is running on port 3002","service":"post-service","timestamp":"2025-08-16T09:40:59.936Z"}
{"level":"info","message":"Connected to rabbitMQ","service":"post-service","timestamp":"2025-08-16T09:41:02.338Z"}
{"level":"info","message":"Server is running on port 3002","service":"post-service","timestamp":"2025-08-16T09:41:02.340Z"}
{"level":"info","message":"Connected to rabbitMQ","service":"post-service","timestamp":"2025-08-16T09:41:02.993Z"}
{"level":"info","message":"Server is running on port 3002","service":"post-service","timestamp":"2025-08-16T09:41:02.995Z"}
{"level":"info","message":"Database connected successfully","service":"post-service","timestamp":"2025-08-16T09:41:06.777Z"}
{"level":"info","message":"Hitting get all posts endpoint....","service":"post-service","timestamp":"2025-08-16T09:41:51.843Z"}
{"level":"info","message":"Hitting creating a new post endpoint","service":"post-service","timestamp":"2025-08-16T09:41:55.663Z"}
{"level":"info","message":"Post created successfully...","service":"post-service","timestamp":"2025-08-16T09:41:56.070Z"}
{"level":"info","message":"Hitting get all posts endpoint....","service":"post-service","timestamp":"2025-08-16T09:42:00.279Z"}
{"level":"info","message":"Hitting delete post endpoint ....","service":"post-service","timestamp":"2025-08-16T09:42:16.834Z"}
{"level":"info","message":"Event published routing key: post.delete","service":"post-service","timestamp":"2025-08-16T09:42:17.210Z"}
{"level":"info","message":"Connected to rabbitMQ","service":"post-service","timestamp":"2025-08-16T09:43:13.074Z"}
{"level":"info","message":"Server is running on port 3002","service":"post-service","timestamp":"2025-08-16T09:43:13.075Z"}
{"level":"info","message":"Database connected successfully","service":"post-service","timestamp":"2025-08-16T09:43:17.266Z"}
{"level":"info","message":"Connected to rabbitMQ","service":"post-service","timestamp":"2025-08-16T09:43:26.870Z"}
{"level":"info","message":"Server is running on port 3002","service":"post-service","timestamp":"2025-08-16T09:43:26.872Z"}
{"level":"info","message":"Database connected successfully","service":"post-service","timestamp":"2025-08-16T09:43:30.685Z"}
{"level":"info","message":"Connected to rabbitMQ","service":"post-service","timestamp":"2025-08-16T09:43:32.327Z"}
{"level":"info","message":"Server is running on port 3002","service":"post-service","timestamp":"2025-08-16T09:43:32.328Z"}
{"level":"info","message":"Hitting creating a new post endpoint","service":"post-service","timestamp":"2025-08-16T09:43:33.381Z"}
{"level":"info","message":"Database connected successfully","service":"post-service","timestamp":"2025-08-16T09:43:35.929Z"}
{"level":"info","message":"Post created successfully...","service":"post-service","timestamp":"2025-08-16T09:43:36.299Z"}
{"level":"info","message":"Hitting get all posts endpoint....","service":"post-service","timestamp":"2025-08-16T09:43:39.193Z"}
{"level":"info","message":"Hitting delete post endpoint ....","service":"post-service","timestamp":"2025-08-16T09:43:51.003Z"}
{"level":"info","message":"Connected to rabbitMQ","service":"post-service","timestamp":"2025-08-16T09:44:12.159Z"}
{"level":"info","message":"Server is running on port 3002","service":"post-service","timestamp":"2025-08-16T09:44:12.161Z"}
{"level":"info","message":"Database connected successfully","service":"post-service","timestamp":"2025-08-16T09:44:16.154Z"}
{"level":"info","message":"Connected to rabbitMQ","service":"post-service","timestamp":"2025-08-16T09:54:24.875Z"}
{"level":"info","message":"Server is running on port 3002","service":"post-service","timestamp":"2025-08-16T09:54:24.877Z"}
{"level":"info","message":"Database connected successfully","service":"post-service","timestamp":"2025-08-16T09:54:28.246Z"}
{"level":"info","message":"Connected to rabbitMQ","service":"post-service","timestamp":"2025-08-16T09:54:36.638Z"}
{"level":"info","message":"Server is running on port 3002","service":"post-service","timestamp":"2025-08-16T09:54:36.639Z"}
{"level":"info","message":"Hitting delete post endpoint ....","service":"post-service","timestamp":"2025-08-16T09:54:38.651Z"}
{"level":"info","message":"Database connected successfully","service":"post-service","timestamp":"2025-08-16T09:54:40.311Z"}
{"code":"EREFUSED","hostname":"_mongodb._tcp.cluster0.0qv0kjl.mongodb.net","level":"error","message":"Database connection failed querySrv EREFUSED _mongodb._tcp.cluster0.0qv0kjl.mongodb.net","service":"post-service","stack":"Error: querySrv EREFUSED _mongodb._tcp.cluster0.0qv0kjl.mongodb.net\n    at QueryReqWrap.onresolve [as oncomplete] (node:internal/dns/promises:294:17)","syscall":"querySrv","timestamp":"2025-08-16T09:57:10.050Z"}
{"level":"info","message":"Connected to rabbitMQ","service":"post-service","timestamp":"2025-08-16T09:57:30.497Z"}
{"level":"info","message":"Server is running on port 3002","service":"post-service","timestamp":"2025-08-16T09:57:30.498Z"}
{"level":"info","message":"Database connected successfully","service":"post-service","timestamp":"2025-08-16T09:57:34.881Z"}
{"level":"info","message":"Connected to rabbitMQ","service":"post-service","timestamp":"2025-08-16T09:57:37.567Z"}
{"level":"info","message":"Server is running on port 3002","service":"post-service","timestamp":"2025-08-16T09:57:37.569Z"}
{"level":"info","message":"Connected to rabbitMQ","service":"post-service","timestamp":"2025-08-16T09:57:40.786Z"}
{"level":"info","message":"Server is running on port 3002","service":"post-service","timestamp":"2025-08-16T09:57:40.788Z"}
{"level":"info","message":"Database connected successfully","service":"post-service","timestamp":"2025-08-16T09:57:44.812Z"}
{"level":"info","message":"Connected to rabbitMQ","service":"post-service","timestamp":"2025-08-16T09:57:45.132Z"}
{"level":"info","message":"Server is running on port 3002","service":"post-service","timestamp":"2025-08-16T09:57:45.134Z"}
{"level":"info","message":"Connected to rabbitMQ","service":"post-service","timestamp":"2025-08-16T09:57:47.224Z"}
{"level":"info","message":"Server is running on port 3002","service":"post-service","timestamp":"2025-08-16T09:57:47.225Z"}
{"level":"info","message":"Database connected successfully","service":"post-service","timestamp":"2025-08-16T09:57:51.063Z"}
{"level":"info","message":"Connected to rabbitMQ","service":"post-service","timestamp":"2025-08-16T09:57:51.906Z"}
{"level":"info","message":"Server is running on port 3002","service":"post-service","timestamp":"2025-08-16T09:57:51.911Z"}
{"level":"info","message":"Hitting delete post endpoint ....","service":"post-service","timestamp":"2025-08-16T09:57:55.325Z"}
{"level":"info","message":"Database connected successfully","service":"post-service","timestamp":"2025-08-16T09:57:55.486Z"}
{"level":"error","message":"Error deleting post: [] is not a function","service":"post-service","stack":"TypeError: [] is not a function\n    at deleteSinglepost (file:///Users/subhadeepchakraborty/Desktop/Node%20js/micro-service/social-app/post-service/src/controllers/post-controller.js:141:5)\n    at process.processTicksAndRejections (node:internal/process/task_queues:105:5)","timestamp":"2025-08-16T09:57:55.834Z"}
{"level":"info","message":"Connected to rabbitMQ","service":"post-service","timestamp":"2025-08-16T09:58:21.746Z"}
{"level":"info","message":"Server is running on port 3002","service":"post-service","timestamp":"2025-08-16T09:58:21.748Z"}
{"level":"info","message":"Hitting delete post endpoint ....","service":"post-service","timestamp":"2025-08-16T09:58:22.891Z"}
{"level":"info","message":"Database connected successfully","service":"post-service","timestamp":"2025-08-16T09:58:26.080Z"}
{"level":"error","message":"Error deleting post: [] is not a function","service":"post-service","stack":"TypeError: [] is not a function\n    at deleteSinglepost (file:///Users/subhadeepchakraborty/Desktop/Node%20js/micro-service/social-app/post-service/src/controllers/post-controller.js:141:5)\n    at process.processTicksAndRejections (node:internal/process/task_queues:105:5)","timestamp":"2025-08-16T09:58:26.603Z"}
{"level":"info","message":"Connected to rabbitMQ","service":"post-service","timestamp":"2025-08-16T09:58:46.246Z"}
{"level":"info","message":"Server is running on port 3002","service":"post-service","timestamp":"2025-08-16T09:58:46.248Z"}
{"level":"info","message":"Database connected successfully","service":"post-service","timestamp":"2025-08-16T09:58:49.766Z"}
{"level":"info","message":"Connected to rabbitMQ","service":"post-service","timestamp":"2025-08-16T09:59:02.227Z"}
{"level":"info","message":"Server is running on port 3002","service":"post-service","timestamp":"2025-08-16T09:59:02.228Z"}
{"level":"info","message":"Database connected successfully","service":"post-service","timestamp":"2025-08-16T09:59:05.791Z"}
{"level":"info","message":"Hitting delete post endpoint ....","service":"post-service","timestamp":"2025-08-16T09:59:06.289Z"}
{"level":"error","message":"Error deleting post: [] is not a function","service":"post-service","stack":"TypeError: [] is not a function\n    at deleteSinglepost (file:///Users/subhadeepchakraborty/Desktop/Node%20js/micro-service/social-app/post-service/src/controllers/post-controller.js:141:5)\n    at process.processTicksAndRejections (node:internal/process/task_queues:105:5)","timestamp":"2025-08-16T09:59:08.788Z"}
{"level":"info","message":"Connected to rabbitMQ","service":"post-service","timestamp":"2025-08-16T09:59:19.378Z"}
{"level":"info","message":"Server is running on port 3002","service":"post-service","timestamp":"2025-08-16T09:59:19.380Z"}
{"level":"info","message":"Database connected successfully","service":"post-service","timestamp":"2025-08-16T09:59:23.068Z"}
{"level":"info","message":"Hitting delete post endpoint ....","service":"post-service","timestamp":"2025-08-16T09:59:24.578Z"}
{"level":"info","message":"Connected to rabbitMQ","service":"post-service","timestamp":"2025-08-16T09:59:55.023Z"}
{"level":"info","message":"Server is running on port 3002","service":"post-service","timestamp":"2025-08-16T09:59:55.025Z"}
{"level":"info","message":"Connected to rabbitMQ","service":"post-service","timestamp":"2025-08-16T09:59:57.894Z"}
{"level":"info","message":"Server is running on port 3002","service":"post-service","timestamp":"2025-08-16T09:59:57.896Z"}
{"level":"info","message":"Connected to rabbitMQ","service":"post-service","timestamp":"2025-08-16T10:00:01.366Z"}
{"level":"info","message":"Server is running on port 3002","service":"post-service","timestamp":"2025-08-16T10:00:01.368Z"}
{"level":"info","message":"Database connected successfully","service":"post-service","timestamp":"2025-08-16T10:00:04.740Z"}
{"level":"info","message":"Hitting delete post endpoint ....","service":"post-service","timestamp":"2025-08-16T10:00:04.886Z"}
{"level":"info","message":"Connected to rabbitMQ","service":"post-service","timestamp":"2025-08-16T10:00:24.333Z"}
{"level":"info","message":"Server is running on port 3002","service":"post-service","timestamp":"2025-08-16T10:00:24.334Z"}
{"level":"info","message":"Database connected successfully","service":"post-service","timestamp":"2025-08-16T10:00:28.069Z"}
{"level":"info","message":"Connected to rabbitMQ","service":"post-service","timestamp":"2025-08-16T10:00:37.059Z"}
{"level":"info","message":"Server is running on port 3002","service":"post-service","timestamp":"2025-08-16T10:00:37.061Z"}
{"level":"info","message":"Connected to rabbitMQ","service":"post-service","timestamp":"2025-08-16T10:00:40.367Z"}
{"level":"info","message":"Server is running on port 3002","service":"post-service","timestamp":"2025-08-16T10:00:40.369Z"}
{"level":"info","message":"Connected to rabbitMQ","service":"post-service","timestamp":"2025-08-16T10:00:43.697Z"}
{"level":"info","message":"Server is running on port 3002","service":"post-service","timestamp":"2025-08-16T10:00:43.698Z"}
{"level":"info","message":"Connected to rabbitMQ","service":"post-service","timestamp":"2025-08-16T10:00:47.044Z"}
{"level":"info","message":"Server is running on port 3002","service":"post-service","timestamp":"2025-08-16T10:00:47.046Z"}
{"level":"info","message":"Database connected successfully","service":"post-service","timestamp":"2025-08-16T10:00:51.079Z"}
{"level":"info","message":"Connected to rabbitMQ","service":"post-service","timestamp":"2025-08-16T10:00:52.601Z"}
{"level":"info","message":"Server is running on port 3002","service":"post-service","timestamp":"2025-08-16T10:00:52.603Z"}
{"level":"info","message":"Hitting delete post endpoint ....","service":"post-service","timestamp":"2025-08-16T10:00:53.792Z"}
{"level":"info","message":"Database connected successfully","service":"post-service","timestamp":"2025-08-16T10:00:56.101Z"}
{"level":"info","message":"Connected to rabbitMQ","service":"post-service","timestamp":"2025-08-16T10:01:32.302Z"}
{"level":"info","message":"Server is running on port 3002","service":"post-service","timestamp":"2025-08-16T10:01:32.304Z"}
{"level":"info","message":"Database connected successfully","service":"post-service","timestamp":"2025-08-16T10:01:36.180Z"}
{"level":"info","message":"Connected to rabbitMQ","service":"post-service","timestamp":"2025-08-16T10:01:36.584Z"}
{"level":"info","message":"Server is running on port 3002","service":"post-service","timestamp":"2025-08-16T10:01:36.586Z"}
{"level":"info","message":"Database connected successfully","service":"post-service","timestamp":"2025-08-16T10:01:40.249Z"}
{"level":"info","message":"Connected to rabbitMQ","service":"post-service","timestamp":"2025-08-16T10:01:42.212Z"}
{"level":"info","message":"Server is running on port 3002","service":"post-service","timestamp":"2025-08-16T10:01:42.214Z"}
{"level":"info","message":"Database connected successfully","service":"post-service","timestamp":"2025-08-16T10:01:45.749Z"}
{"level":"info","message":"Connected to rabbitMQ","service":"post-service","timestamp":"2025-08-16T10:01:46.381Z"}
{"level":"info","message":"Server is running on port 3002","service":"post-service","timestamp":"2025-08-16T10:01:46.382Z"}
{"level":"info","message":"Connected to rabbitMQ","service":"post-service","timestamp":"2025-08-16T10:01:47.171Z"}
{"level":"info","message":"Server is running on port 3002","service":"post-service","timestamp":"2025-08-16T10:01:47.173Z"}
{"level":"info","message":"Database connected successfully","service":"post-service","timestamp":"2025-08-16T10:01:50.850Z"}
{"level":"info","message":"Connected to rabbitMQ","service":"post-service","timestamp":"2025-08-16T10:01:53.016Z"}
{"level":"info","message":"Server is running on port 3002","service":"post-service","timestamp":"2025-08-16T10:01:53.018Z"}
{"level":"info","message":"Database connected successfully","service":"post-service","timestamp":"2025-08-16T10:01:56.801Z"}
{"level":"info","message":"Hitting get all posts endpoint....","service":"post-service","timestamp":"2025-08-16T10:01:59.520Z"}
{"level":"info","message":"Hitting delete post endpoint ....","service":"post-service","timestamp":"2025-08-16T10:02:03.865Z"}
{"level":"info","message":"Event published routing key: post.delete","service":"post-service","timestamp":"2025-08-16T10:02:04.210Z"}
{"level":"info","message":"Hitting get all posts endpoint....","service":"post-service","timestamp":"2025-08-16T10:14:37.973Z"}
{"level":"info","message":"Hitting creating a new post endpoint","service":"post-service","timestamp":"2025-08-16T10:15:02.814Z"}
{"level":"info","message":"Post created successfully...","service":"post-service","timestamp":"2025-08-16T10:15:03.227Z"}
{"level":"info","message":"Hitting get all posts endpoint....","service":"post-service","timestamp":"2025-08-16T10:15:06.849Z"}
{"level":"info","message":"Hitting delete post endpoint ....","service":"post-service","timestamp":"2025-08-16T10:15:36.707Z"}
{"level":"info","message":"Event published routing key: post.delete","service":"post-service","timestamp":"2025-08-16T10:15:37.055Z"}
{"level":"info","message":"Connected to rabbitMQ","service":"post-service","timestamp":"2025-08-23T12:07:06.849Z"}
{"level":"info","message":"Server is running on port 3002","service":"post-service","timestamp":"2025-08-23T12:07:06.851Z"}
{"level":"info","message":"Database connected successfully","service":"post-service","timestamp":"2025-08-23T12:07:10.608Z"}
{"level":"info","message":"Connected to rabbitMQ","service":"post-service","timestamp":"2025-08-23T12:30:04.312Z"}
{"level":"info","message":"Server is running on port 3002","service":"post-service","timestamp":"2025-08-23T12:30:04.313Z"}
{"level":"info","message":"Database connected successfully","service":"post-service","timestamp":"2025-08-23T12:30:08.289Z"}
{"level":"info","message":"Connected to rabbitMQ","service":"post-service","timestamp":"2025-08-23T12:30:09.619Z"}
{"level":"info","message":"Server is running on port 3002","service":"post-service","timestamp":"2025-08-23T12:30:09.621Z"}
{"level":"info","message":"Database connected successfully","service":"post-service","timestamp":"2025-08-23T12:30:13.295Z"}
{"level":"info","message":"Hitting creating a new post endpoint","service":"post-service","timestamp":"2025-08-23T12:43:00.957Z"}
{"level":"info","message":"Post created successfully...","service":"post-service","timestamp":"2025-08-23T12:43:01.372Z"}
{"level":"info","message":"Hitting creating a new post endpoint","service":"post-service","timestamp":"2025-08-23T12:43:57.863Z"}
{"level":"info","message":"Post created successfully...","service":"post-service","timestamp":"2025-08-23T12:43:58.209Z"}
{"level":"info","message":"Connected to rabbitMQ","service":"post-service","timestamp":"2025-08-23T15:20:51.029Z"}
{"level":"info","message":"Server is running on port 3002","service":"post-service","timestamp":"2025-08-23T15:20:51.031Z"}
{"level":"info","message":"Database connected successfully","service":"post-service","timestamp":"2025-08-23T15:20:55.767Z"}
{"level":"info","message":"Connected to rabbitMQ","service":"post-service","timestamp":"2025-08-23T15:21:49.989Z"}
{"level":"info","message":"Server is running on port 3002","service":"post-service","timestamp":"2025-08-23T15:21:49.991Z"}
{"level":"info","message":"Database connected successfully","service":"post-service","timestamp":"2025-08-23T15:21:54.147Z"}
{"level":"info","message":"Connected to rabbitMQ","service":"post-service","timestamp":"2025-08-23T15:21:55.065Z"}
{"level":"info","message":"Server is running on port 3002","service":"post-service","timestamp":"2025-08-23T15:21:55.066Z"}
{"level":"info","message":"Database connected successfully","service":"post-service","timestamp":"2025-08-23T15:21:59.347Z"}
{"level":"info","message":"Connected to rabbitMQ","service":"post-service","timestamp":"2025-08-23T15:22:14.352Z"}
{"level":"info","message":"Server is running on port 3002","service":"post-service","timestamp":"2025-08-23T15:22:14.354Z"}
{"level":"info","message":"Database connected successfully","service":"post-service","timestamp":"2025-08-23T15:22:18.562Z"}
{"level":"info","message":"Connected to rabbitMQ","service":"post-service","timestamp":"2025-08-23T15:22:34.708Z"}
{"level":"info","message":"Server is running on port 3002","service":"post-service","timestamp":"2025-08-23T15:22:34.710Z"}
{"level":"info","message":"Database connected successfully","service":"post-service","timestamp":"2025-08-23T15:22:39.711Z"}
{"level":"info","message":"Connected to rabbitMQ","service":"post-service","timestamp":"2025-08-23T15:22:47.342Z"}
{"level":"info","message":"Server is running on port 3002","service":"post-service","timestamp":"2025-08-23T15:22:47.343Z"}
{"level":"info","message":"Connected to rabbitMQ","service":"post-service","timestamp":"2025-08-23T15:22:53.325Z"}
{"level":"info","message":"Server is running on port 3002","service":"post-service","timestamp":"2025-08-23T15:22:53.327Z"}
{"level":"info","message":"Connected to rabbitMQ","service":"post-service","timestamp":"2025-08-23T15:22:56.331Z"}
{"level":"info","message":"Server is running on port 3002","service":"post-service","timestamp":"2025-08-23T15:22:56.333Z"}
{"level":"info","message":"Database connected successfully","service":"post-service","timestamp":"2025-08-23T15:23:00.143Z"}
{"level":"info","message":"Connected to rabbitMQ","service":"post-service","timestamp":"2025-08-23T15:23:09.352Z"}
{"level":"info","message":"Server is running on port 3002","service":"post-service","timestamp":"2025-08-23T15:23:09.354Z"}
{"level":"info","message":"Database connected successfully","service":"post-service","timestamp":"2025-08-23T15:23:13.711Z"}
{"level":"info","message":"Hitting creating a new post endpoint","service":"post-service","timestamp":"2025-08-23T15:50:50.978Z"}
{"level":"error","message":"Error creating post: Cannot read properties of undefined (reading 'toString')","service":"post-service","stack":"TypeError: Cannot read properties of undefined (reading 'toString')\n    at createPost (file:///Users/subhadeepchakraborty/Desktop/Node%20js/micro-service/social-app/post-service/src/controllers/post-controller.js:37:31)\n    at process.processTicksAndRejections (node:internal/process/task_queues:105:5)","timestamp":"2025-08-23T15:50:51.366Z"}
{"level":"info","message":"Connected to rabbitMQ","service":"post-service","timestamp":"2025-08-23T15:51:37.847Z"}
{"level":"info","message":"Server is running on port 3002","service":"post-service","timestamp":"2025-08-23T15:51:37.849Z"}
{"level":"info","message":"Connected to rabbitMQ","service":"post-service","timestamp":"2025-08-23T15:51:39.880Z"}
{"level":"info","message":"Server is running on port 3002","service":"post-service","timestamp":"2025-08-23T15:51:39.882Z"}
{"level":"info","message":"Database connected successfully","service":"post-service","timestamp":"2025-08-23T15:51:43.906Z"}
{"level":"info","message":"Connected to rabbitMQ","service":"post-service","timestamp":"2025-08-23T15:51:44.182Z"}
{"level":"info","message":"Server is running on port 3002","service":"post-service","timestamp":"2025-08-23T15:51:44.184Z"}
{"level":"info","message":"Connected to rabbitMQ","service":"post-service","timestamp":"2025-08-23T15:51:47.748Z"}
{"level":"info","message":"Server is running on port 3002","service":"post-service","timestamp":"2025-08-23T15:51:47.749Z"}
{"level":"info","message":"Database connected successfully","service":"post-service","timestamp":"2025-08-23T15:51:51.944Z"}
{"level":"info","message":"Connected to rabbitMQ","service":"post-service","timestamp":"2025-08-23T15:51:53.639Z"}
{"level":"info","message":"Server is running on port 3002","service":"post-service","timestamp":"2025-08-23T15:51:53.641Z"}
{"level":"info","message":"Connected to rabbitMQ","service":"post-service","timestamp":"2025-08-23T15:51:55.884Z"}
{"level":"info","message":"Server is running on port 3002","service":"post-service","timestamp":"2025-08-23T15:51:55.886Z"}
{"level":"info","message":"Database connected successfully","service":"post-service","timestamp":"2025-08-23T15:52:00.251Z"}
{"level":"info","message":"Hitting creating a new post endpoint","service":"post-service","timestamp":"2025-08-23T15:52:00.404Z"}
{"level":"error","message":"Error creating post: Cannot read properties of undefined (reading 'toString')","service":"post-service","stack":"TypeError: Cannot read properties of undefined (reading 'toString')\n    at createPost (file:///Users/subhadeepchakraborty/Desktop/Node%20js/micro-service/social-app/post-service/src/controllers/post-controller.js:37:31)\n    at process.processTicksAndRejections (node:internal/process/task_queues:105:5)","timestamp":"2025-08-23T15:52:03.467Z"}
{"level":"info","message":"Connected to rabbitMQ","service":"post-service","timestamp":"2025-08-23T15:54:35.633Z"}
{"level":"info","message":"Server is running on port 3002","service":"post-service","timestamp":"2025-08-23T15:54:35.634Z"}
{"level":"info","message":"Database connected successfully","service":"post-service","timestamp":"2025-08-23T15:54:39.734Z"}
{"level":"info","message":"Connected to rabbitMQ","service":"post-service","timestamp":"2025-08-23T15:55:36.083Z"}
{"level":"info","message":"Server is running on port 3002","service":"post-service","timestamp":"2025-08-23T15:55:36.086Z"}
{"level":"info","message":"Database connected successfully","service":"post-service","timestamp":"2025-08-23T15:55:40.468Z"}
{"level":"info","message":"Connected to rabbitMQ","service":"post-service","timestamp":"2025-08-23T15:55:40.922Z"}
{"level":"info","message":"Server is running on port 3002","service":"post-service","timestamp":"2025-08-23T15:55:40.923Z"}
{"level":"info","message":"Hitting creating a new post endpoint","service":"post-service","timestamp":"2025-08-23T15:55:44.297Z"}
{"level":"info","message":"Database connected successfully","service":"post-service","timestamp":"2025-08-23T15:55:45.470Z"}
{"level":"error","message":"Error creating post: Cannot read properties of undefined (reading 'toString')","service":"post-service","stack":"TypeError: Cannot read properties of undefined (reading 'toString')\n    at createPost (file:///Users/subhadeepchakraborty/Desktop/Node%20js/micro-service/social-app/post-service/src/controllers/post-controller.js:39:31)\n    at process.processTicksAndRejections (node:internal/process/task_queues:105:5)","timestamp":"2025-08-23T15:55:45.880Z"}
{"level":"info","message":"Connected to rabbitMQ","service":"post-service","timestamp":"2025-08-23T15:56:40.055Z"}
{"level":"info","message":"Server is running on port 3002","service":"post-service","timestamp":"2025-08-23T15:56:40.058Z"}
{"level":"info","message":"Database connected successfully","service":"post-service","timestamp":"2025-08-23T15:56:45.066Z"}
{"level":"info","message":"Hitting creating a new post endpoint","service":"post-service","timestamp":"2025-08-23T15:57:56.114Z"}
{"level":"error","message":"Error creating post: Cannot read properties of undefined (reading 'toString')","service":"post-service","stack":"TypeError: Cannot read properties of undefined (reading 'toString')\n    at createPost (file:///Users/subhadeepchakraborty/Desktop/Node%20js/micro-service/social-app/post-service/src/controllers/post-controller.js:39:39)\n    at process.processTicksAndRejections (node:internal/process/task_queues:105:5)","timestamp":"2025-08-23T15:57:56.546Z"}
{"level":"info","message":"Connected to rabbitMQ","service":"post-service","timestamp":"2025-08-23T15:58:26.192Z"}
{"level":"info","message":"Server is running on port 3002","service":"post-service","timestamp":"2025-08-23T15:58:26.194Z"}
{"level":"info","message":"Connected to rabbitMQ","service":"post-service","timestamp":"2025-08-23T15:58:29.004Z"}
{"level":"info","message":"Server is running on port 3002","service":"post-service","timestamp":"2025-08-23T15:58:29.005Z"}
{"level":"info","message":"Database connected successfully","service":"post-service","timestamp":"2025-08-23T15:58:34.028Z"}
{"level":"info","message":"Connected to rabbitMQ","service":"post-service","timestamp":"2025-08-23T15:58:38.382Z"}
{"level":"info","message":"Server is running on port 3002","service":"post-service","timestamp":"2025-08-23T15:58:38.384Z"}
{"level":"info","message":"Database connected successfully","service":"post-service","timestamp":"2025-08-23T15:58:43.245Z"}
{"level":"info","message":"Hitting creating a new post endpoint","service":"post-service","timestamp":"2025-08-23T15:58:45.960Z"}
{"level":"info","message":"Event published routing key: post.create","service":"post-service","timestamp":"2025-08-23T15:58:46.362Z"}
{"level":"info","message":"Post created successfully...","service":"post-service","timestamp":"2025-08-23T15:58:46.362Z"}
{"level":"info","message":"Hitting creating a new post endpoint","service":"post-service","timestamp":"2025-08-23T16:08:43.433Z"}
{"level":"info","message":"Event published routing key: post.create","service":"post-service","timestamp":"2025-08-23T16:08:43.834Z"}
{"level":"info","message":"Post created successfully...","service":"post-service","timestamp":"2025-08-23T16:08:43.834Z"}
{"level":"info","message":"Hitting creating a new post endpoint","service":"post-service","timestamp":"2025-08-23T16:11:58.875Z"}
{"level":"info","message":"Event published routing key: post.create","service":"post-service","timestamp":"2025-08-23T16:11:59.419Z"}
{"level":"info","message":"Post created successfully...","service":"post-service","timestamp":"2025-08-23T16:11:59.419Z"}
{"level":"info","message":"Hitting creating a new post endpoint","service":"post-service","timestamp":"2025-08-23T16:12:35.436Z"}
{"level":"info","message":"Event published routing key: post.create","service":"post-service","timestamp":"2025-08-23T16:12:35.863Z"}
{"level":"info","message":"Post created successfully...","service":"post-service","timestamp":"2025-08-23T16:12:35.863Z"}
{"level":"info","message":"Hitting creating a new post endpoint","service":"post-service","timestamp":"2025-08-23T16:15:20.142Z"}
{"level":"info","message":"Event published routing key: post.create","service":"post-service","timestamp":"2025-08-23T16:15:20.533Z"}
{"level":"info","message":"Post created successfully...","service":"post-service","timestamp":"2025-08-23T16:15:20.533Z"}
{"level":"info","message":"Hitting creating a new post endpoint","service":"post-service","timestamp":"2025-08-23T16:23:21.617Z"}
{"level":"info","message":"Event published routing key: post.create","service":"post-service","timestamp":"2025-08-23T16:23:22.670Z"}
{"level":"info","message":"Post created successfully...","service":"post-service","timestamp":"2025-08-23T16:23:22.670Z"}
{"level":"info","message":"Connected to rabbitMQ","service":"post-service","timestamp":"2025-08-24T08:29:41.957Z"}
{"level":"info","message":"Server is running on port 3002","service":"post-service","timestamp":"2025-08-24T08:29:41.959Z"}
{"level":"info","message":"Database connected successfully","service":"post-service","timestamp":"2025-08-24T08:29:45.893Z"}
{"level":"info","message":"Connected to rabbitMQ","service":"post-service","timestamp":"2025-08-24T11:42:25.719Z"}
{"level":"info","message":"Server is running on port 3002","service":"post-service","timestamp":"2025-08-24T11:42:25.720Z"}
{"level":"info","message":"Database connected successfully","service":"post-service","timestamp":"2025-08-24T11:42:29.514Z"}
{"level":"info","message":"Connected to rabbitMQ","service":"post-service","timestamp":"2025-08-24T13:53:01.778Z"}
{"level":"info","message":"Server is running on port 3002","service":"post-service","timestamp":"2025-08-24T13:53:01.780Z"}
{"level":"info","message":"Database connected successfully","service":"post-service","timestamp":"2025-08-24T13:53:05.167Z"}
